{"percent_values_dict": {"education_status": {"UNDERGRAD": 0.05618357814932647, "IN_GRAD_SCHOOL": 0.008122926961348406, "DOCTORATE_DEGREE": 0.0056183578149326474, "SOME_GRAD_SCHOOL": 0.006769105801123672, "PROFESSIONAL_DEGREE": 0.006769105801123672, "UNSPECIFIED": 0.30880082346886256, "MASTER_DEGREE": 0.05279902524876464, "ALUM": 0.4806065118797807, "SOME_HIGH_SCHOOL": 0.031814797265281254, "SOME_COLLEGE": 0.06362959453056251, "ASSOCIATE_DEGREE": 0.0, "HIGH_SCHOOL_GRAD": 0.2707642320449469, "high_school": 0.01692276450280918}, "political_alignment": {"very_conservative": 0.13541666666666666, "very_liberal": 0.18229166666666666, "moderate": 0.234375, "liberal": 0.24479166666666666, "conservative": 0.203125}, "relationship_status": {"separated": 0.0036003179501566374, "widowed": 0.005610885117127227, "open_relationship": 0.0011221770234254454, "domestic_partnership": 0.0011689343994015055, "engaged": 0.022443540468508907, "single": 0.17767802870902885, "complicated": 0.005143311357366624, "civil_union": 0.0005143311357366625, "in_relationship": 0.09351475195212045, "divorced": 0.006546032636648431, "married": 0.27119278066114927, "unspecified": 0.41146490858933}, "income_level": {"40k_to_50k": 0.16877672737706198, "150k_to_250k": 0.1160340000717301, "30k_to_40k": 0.009915632733402392, "100k_to_125k": 0.10021118188013055, "250k_to_350k": 0.025316509106559297, "over_500k": 0.00010337574551845046, "75k_to_100k": 0.18987381829919472, "350k_to_500k": 0.001582281819159956, "50k_to_75k": 0.3586505456762567, "125k_to_150k": 0.029535927290985847}, "age_intervals": {"young_2": 0.264783759929391, "mid_aged_1": 0.18093556928508384, "mid_aged_2": 0.1500441306266549, "adolescent": 0.02471315092674316, "old_2": 0.0970873786407767, "old_1": 0.1147396293027361, "young_1": 0.1676963812886143}, "age_details": {"65_and_above": 0.09572709076668698, "15to19": 0.05656600818031503, "60to64": 0.05221477678182926, "55to60": 0.07397093377425812, "50to54": 0.06961970237577235, "45to49": 0.07832216517274389, "13to14": 0.0035680097467583327, "30to34": 0.11313201636063006, "25to29": 0.14794186754851624, "40to44": 0.07832216517274389, "20to24": 0.13053694195457313, "35to39": 0.10007832216517275}, "racial_affinities": {"other": 0.6420824295010846, "hispanic_all": 0.16919739696312364, "asian_american": 0.03253796095444685, "african_american": 0.1561822125813449}, "expat_grouped": {"expats_mexico": 0, "expats_central_america": 0, "expats_south_america": 0, "expats_europe": 0, "expats_midle_east": 0, "expats_caribbean": 0, "expats_south_and_east_asia": 0, "expats_africa": 0}, "expat": {"expats_czech_republic": 0, "expats_zimbabwe": 0, "expats_venezuela": 0, "expats_slovakia": 0, "expats_morocco": 0, "expats_qatar": 0, "expats_peru": 0, "expats_finland": 0, "expats_greece": 0, "expats_new_zealand": 0, "expats_lebanon": 0, "expats_sri_lanka": 0, "expats_argentina": 0, "expats_united_states": 0, "expats_japan": 0, "expats_india": 0, "expats_el_salvador": 0, "expats_luxembourg": 0, "expats_uganda": 0, "expats_uae": 0, "expats_israel": 0, "expats_china": 0, "expats_netherlands": 0, "expats_zambia": 0, "expats_indonesia": 0, "expats_canada": 0, "expats_poland": 0, "expats_algeria": 0, "expats_cyprus": 0, "expats_rwanda": 0, "expats_denmark": 0, "expats_mexico": 0, "expats_germany": 0, "expats_malta": 0, "expats_monaco": 0, "expats_nepal": 0, "expats_cameroon": 0, "expats_south_africa": 0, "expats_jamaica": 0, "expats_france": 0, "expats_hong_kong": 0, "expats_russia": 0, "expats_norway": 0, "expats_honduras": 0, "expats_italy": 0, "expats_south_korea": 0, "expats_estonia": 0, "expats_belgium": 0, "expats_chile": 0, "expats_senegal": 0, "expats_slovenia": 0, "expats_tanzania": 0, "expats_jordan": 0, "expats_portugal": 0, "expats_serbia": 0, "expats_cuba": 0, "expats_romania": 0, "expats_nigeria": 0, "expats_malaysia": 0, "expats_spain": 0, "expats_vietnam": 0, "expats_ethiopia": 0, "expats_brazil": 0, "expats_colombia": 0, "expats_puerto_rico": 0, "expats_bangladesh": 0, "expats_thailand": 0, "expats_ivory_coast": 0, "expats_sierra_leone": 0, "expats_philippines": 0, "expats_hungary": 0, "expats_congo_drc": 0, "expats_guatemala": 0, "expats_nicaragua": 0, "expats_singapore": 0, "expats_latvia": 0, "expats_ghana": 0, "expats_australia": 0, "expats_lithuania": 0, "expats_kuwait": 0, "expats_ksa": 0, "expats_kenya": 0, "expats_united_kingdom": 0, "expats_dominican_republic": 0, "expats_haiti": 0, "expats_austria": 0, "expats_switzerland": 0, "expats_ireland": 0, "expats_sweden": 0}, "gender": {"male": 0.4642857142857143, "female": 0.5357142857142857}, "education_status_grouped": {"college": 0.6004196845596697, "high_school": 0.3195017938130373, "grad_school": 0.08007852162729304}, "education_status_grouped_2": {"incomplete_high_school": 0.04873756176809044, "high_school": 0.2707642320449469, "in_college": 0.11981317267988899, "college": 0.4806065118797807, "grad_school": 0.08007852162729304, "UNSPECIFIED": 0.30880082346886256}}, "raw_values_dict": {"all": {"all": 226000000}, "education_status": {"UNDERGRAD": 8300000, "IN_GRAD_SCHOOL": 1200000, "DOCTORATE_DEGREE": 830000, "SOME_GRAD_SCHOOL": 1000000, "PROFESSIONAL_DEGREE": 1000000, "UNSPECIFIED": 66000000, "MASTER_DEGREE": 7800000, "ALUM": 71000000, "SOME_HIGH_SCHOOL": 4700000, "SOME_COLLEGE": 9400000, "ASSOCIATE_DEGREE": 0, "HIGH_SCHOOL_GRAD": 40000000, "high_school": 2500000}, "political_alignment": {"very_conservative": 26000000, "very_liberal": 35000000, "moderate": 45000000, "liberal": 47000000, "conservative": 39000000}, "relationship_status": {"separated": 770000, "widowed": 1200000, "open_relationship": 240000, "domestic_partnership": 250000, "engaged": 4800000, "single": 38000000, "complicated": 1100000, "civil_union": 110000, "in_relationship": 20000000, "divorced": 1400000, "married": 58000000, "unspecified": 88000000}, "income_level": {"40k_to_50k": 16000000, "150k_to_250k": 11000000, "30k_to_40k": 940000, "100k_to_125k": 9500000, "250k_to_350k": 2400000, "over_500k": 9800, "75k_to_100k": 18000000, "350k_to_500k": 150000, "50k_to_75k": 34000000, "125k_to_150k": 2800000}, "age_intervals": {"young_2": 60000000, "mid_aged_1": 41000000, "mid_aged_2": 34000000, "adolescent": 5600000, "old_2": 22000000, "old_1": 26000000, "young_1": 38000000}, "age_details": {"65_and_above": 22000000, "15to19": 13000000, "60to64": 12000000, "55to60": 17000000, "50to54": 16000000, "45to49": 18000000, "13to14": 820000, "30to34": 26000000, "25to29": 34000000, "40to44": 18000000, "20to24": 30000000, "35to39": 23000000}, "racial_affinities": {"other": 148000000, "hispanic_all": 39000000, "asian_american": 7500000, "african_american": 36000000}, "expat_grouped": {"expats_mexico": 10000000, "expats_central_america": 3600000, "expats_south_america": 2500000, "expats_europe": 3100000, "expats_midle_east": 510000, "expats_caribbean": 3000000, "expats_south_and_east_asia": 7100000, "expats_africa": 1200000}, "expat": {"expats_czech_republic": 29000, "expats_zimbabwe": 22000, "expats_venezuela": 420000, "expats_slovakia": 19000, "expats_morocco": 81000, "expats_qatar": 3700, "expats_peru": 440000, "expats_finland": 14000, "expats_greece": 0, "expats_new_zealand": 40000, "expats_lebanon": 98000, "expats_sri_lanka": 38000, "expats_argentina": 180000, "expats_united_states": 97000, "expats_japan": 220000, "expats_india": 2100000, "expats_el_salvador": 1300000, "expats_luxembourg": 1600, "expats_uganda": 26000, "expats_uae": 31000, "expats_israel": 140000, "expats_china": 660000, "expats_netherlands": 56000, "expats_zambia": 13000, "expats_indonesia": 150000, "expats_canada": 540000, "expats_poland": 210000, "expats_algeria": 35000, "expats_cyprus": 6200, "expats_rwanda": 16000, "expats_denmark": 24000, "expats_mexico": 10000000, "expats_germany": 290000, "expats_malta": 2900, "expats_monaco": 1300, "expats_nepal": 190000, "expats_cameroon": 61000, "expats_south_africa": 110000, "expats_jamaica": 560000, "expats_france": 190000, "expats_hong_kong": 150000,