{"percent_values_dict": {"education_status": {"UNDERGRAD": 0.05468489496498833, "IN_GRAD_SCHOOL": 0.007335778592864288, "DOCTORATE_DEGREE": 0.0056685561853951315, "SOME_GRAD_SCHOOL": 0.006668889629876626, "PROFESSIONAL_DEGREE": 0.007335778592864288, "UNSPECIFIED": 0.31514044302352134, "MASTER_DEGREE": 0.05268422807602534, "ALUM": 0.48682894298099366, "SOME_HIGH_SCHOOL": 0.032010670223407804, "SOME_COLLEGE": 0.06335445148382794, "ASSOCIATE_DEGREE": 0.0, "HIGH_SCHOOL_GRAD": 0.26675558519506504, "high_school": 0.016672224074691565}, "political_alignment": {"very_conservative": 0.1377551020408163, "very_liberal": 0.1836734693877551, "moderate": 0.23469387755102042, "liberal": 0.24489795918367346, "conservative": 0.1989795918367347}, "relationship_status": {"separated": 0.0036089538602101416, "widowed": 0.00548195523069895, "open_relationship": 0.0011420740063956144, "domestic_partnership": 0.0011420740063956144, "engaged": 0.0219278209227958, "single": 0.17359524897213338, "complicated": 0.005025125628140704, "civil_union": 0.0005025125628140704, "in_relationship": 0.09136592051164916, "divorced": 0.006395614435815441, "married": 0.269529465509365, "unspecified": 0.4202832343535861}, "income_level": {"40k_to_50k": 0.16506296666699033, "150k_to_250k": 0.1165150352943461, "30k_to_40k": 0.009709586274528842, "100k_to_125k": 0.09709586274528842, "250k_to_350k": 0.026215882941227873, "over_500k": 0.00010680544901981726, "75k_to_100k": 0.19419172549057684, "350k_to_500k": 0.0017477255294151917, "50k_to_75k": 0.35925469215756717, "125k_to_150k": 0.030099717451039412}, "age_intervals": {"young_2": 0.2631578947368421, "mid_aged_1": 0.181190681622088, "mid_aged_2": 0.14667817083692838, "adolescent": 0.025021570319240724, "old_2": 0.0992234685073339, "old_1": 0.11647972389991372, "young_1": 0.16824849007765316}, "racial_affinities": {"other": 0.6476352790796762, "hispanic_all": 0.16616957818491693, "asian_american": 0.032807839795483594, "african_american": 0.1533873029399233}, "expat_grouped": {"expats_mexico": 0.2648648648648649, "expats_central_america": 0.0972972972972973, "expats_south_america": 0.06756756756756757, "expats_europe": 0.08378378378378379, "expats_midle_east": 0.014054054054054054, "expats_caribbean": 0.12432432432432433, "expats_south_and_east_asia": 0.10270270270270271, "expats_africa": 0.032432432432432434}, "expat": {"expats_china": 0.013783783783783784, "expats_canada": 0.015135135135135135, "expats_philippines": 0.051351351351351354, "expats_poland": 0.005675675675675676, "expats_cuba": 0.023783783783783784, "expats_guatemala": 0.03513513513513514, "expats_peru": 0.011891891891891892, "expats_nigeria": 0.00891891891891892, "expats_mexico": 0.2648648648648649, "expats_germany": 0.008108108108108109, "expats_vietnam": 0.022702702702702703, "expats_haiti": 0.011891891891891892, "expats_jamaica": 0.015135135135135135, "expats_dominican_republic": 0.032432432432432434, "expats_brazil": 0.01783783783783784, "expats_japan": 0.005945945945945946, "expats_colombia": 0.019189189189189187, "expats": 0.16017316017316016, "expats_india": 0.05675675675675676, "expats_el_salvador": 0.03783783783783784, "expats_honduras": 0.024594594594594593, "expats_italy": 0.005945945945945946, "expats_south_korea": 0.01054054054054054, "expats_uk": 0.015675675675675675, "expats_russia": 0.007297297297297297}, "gender": {"male": 0.4672489082969432, "female": 0.5327510917030568}, "education_status_grouped": {"college": 0.60486828942981, "high_school": 0.3154384794931644, "grad_school": 0.07969323107702568}, "education_status_grouped_2": {"incomplete_high_school": 0.04868289429809937, "high_school": 0.26675558519506504, "in_college": 0.11803934644881627, "college": 0.48682894298099366, "grad_school": 0.07969323107702568, "UNSPECIFIED": 0.31514044302352134}}, "raw_values_dict": {"all": {"all": 231000000}, "education_status": {"UNDERGRAD": 8200000, "IN_GRAD_SCHOOL": 1100000, "DOCTORATE_DEGREE": 850000, "SOME_GRAD_SCHOOL": 1000000, "PROFESSIONAL_DEGREE": 1100000, "UNSPECIFIED": 69000000, "MASTER_DEGREE": 7900000, "ALUM": 73000000, "SOME_HIGH_SCHOOL": 4800000, "SOME_COLLEGE": 9500000, "ASSOCIATE_DEGREE": 0, "HIGH_SCHOOL_GRAD": 40000000, "high_school": 2500000}, "political_alignment": {"very_conservative": 27000000, "very_liberal": 36000000, "moderate": 46000000, "liberal": 48000000, "conservative": 39000000}, "relationship_status": {"separated": 790000, "widowed": 1200000, "open_relationship": 250000, "domestic_partnership": 250000, "engaged": 4800000, "single": 38000000, "complicated": 1100000, "civil_union": 110000, "in_relationship": 20000000, "divorced": 1400000, "married": 59000000, "unspecified": 92000000}, "income_level": {"40k_to_50k": 17000000, "150k_to_250k": 12000000, "30k_to_40k": 1000000, "100k_to_125k": 10000000, "250k_to_350k": 2700000, "over_500k": 11000, "75k_to_100k": 20000000, "350k_to_500k": 180000, "50k_to_75k": 37000000, "125k_to_150k": 3100000}, "age_intervals": {"young_2": 61000000, "mid_aged_1": 42000000, "mid_aged_2": 34000000, "adolescent": 5800000, "old_2": 23000000, "old_1": 27000000, "young_1": 39000000}, "racial_affinities": {"other": 152000000, "hispanic_all": 39000000, "asian_american": 7700000, "african_american": 36000000}, "expat_grouped": {"expats_mexico": 9800000, "expats_central_america": 3600000, "expats_south_america": 2500000, "expats_europe": 3100000, "expats_midle_east": 520000, "expats_caribbean": 4600000, "expats_south_and_east_asia": 3800000, "expats_africa": 1200000}, "expat": {"expats_china": 510000, "expats_canada": 560000, "expats_philippines": 1900000, "expats_poland": 210000, "expats_cuba": 880000, "expats_guatemala": 1300000, "expats_peru": 440000, "expats_nigeria": 330000, "expats_mexico": 9800000, "expats_germany": 300000, "expats_vietnam": 840000, "expats_haiti": 440000, "expats_jamaica": 560000, "expats_dominican_republic": 1200000, "expats_brazil": 660000, "expats_japan": 220000, "expats_colombia": 710000, "expats": 37000000, "expats_india": 2100000, "expats_el_salvador": 1400000, "expats_honduras": 910000, "expats_italy": 220000, "expats_south_korea": 390000, "expats_uk": 580000, "expats_russia": 270000}, "gender": {"male": 107000000, "female": 122000000}, "education_status_grouped": {"college": 90700000, "high_school": 47300000, "grad_school": 11950000}, "education_status_grouped_2": {"incomplete_high_school": 7300000, "high_school": 40000000, "in_college": 17700000, "college": 73000000, "grad_school": 11950000, "UNSPECIFIED": 69000000}}}