{"percent_values_dict": {"education_status": {"high_school": 0.014332807797047441, "UNDERGRAD": 0.056614590798337396, "ALUM": 0.47298265730256556, "HIGH_SCHOOL_GRAD": 0.26515694424537767, "SOME_COLLEGE": 0.07094739859538483, "ASSOCIATE_DEGREE": 0.0, "IN_GRAD_SCHOOL": 0.006736419664612298, "SOME_GRAD_SCHOOL": 0.007166403898523721, "MASTER_DEGREE": 0.05088146767951842, "PROFESSIONAL_DEGREE": 0.006736419664612298, "DOCTORATE_DEGREE": 0.005446466962878028, "UNSPECIFIED": 0.29001729927750075, "SOME_HIGH_SCHOOL": 0.04299842339114233}, "political_alignment": {"conservative": 0.1956521739130435, "liberal": 0.25, "moderate": 0.22826086956521738, "very_conservative": 0.14130434782608695, "very_liberal": 0.18478260869565216}, "relationship_status": {"single": 0.18344883815735832, "in_relationship": 0.09682022013860579, "engaged": 0.02242152466367713, "married": 0.295556461475744, "civil_union": 0.0005095801059926621, "domestic_partnership": 0.0011720342437831228, "open_relationship": 0.0010701182225845902, "complicated": 0.005095801059926621, "separated": 0.0035670607419486344, "divorced": 0.007134121483897269, "widowed": 0.006114961271911945, "unspecified": 0.3770892784345699}, "age_intervals": {"adolescent": 0.0228310502283105, "young_1": 0.1461187214611872, "young_2": 0.2785388127853881, "mid_aged_1": 0.1917808219178082, "mid_aged_2": 0.1461187214611872, "old_1": 0.1141552511415525, "old_2": 0.1004566210045662}, "racial_affinities": {"african_american": 0.1429230059935454, "asian_american": 0.017980636237897647, "hispanic_all": 0.10142923005993545, "other": 0.7376671277086215}, "expat": {"expats": 0.1, "expats_mexico": 0.30454545454545456, "expats_europe": 0.05, "expats_africa": 0.022727272727272728, "expats_asian": 0.10454545454545454, "expats_latin_america": 0.2545454545454545, "expats_russia": 0.005454545454545455, "expats_midle_east": 0.011818181818181818, "expats_south_asia": 0.05909090909090909}, "gender": {"male": 0.4520547945205479, "female": 0.547945205479452}, "education_status_grouped": {"college": 0.6005446466962878, "high_school": 0.32248817543356745, "grad_school": 0.07696717787014476}, "education_status_grouped_2": {"incomplete_high_school": 0.057331231188189766, "high_school": 0.26515694424537767, "in_college": 0.12756198939372224, "college": 0.47298265730256556, "grad_school": 0.07696717787014476, "UNSPECIFIED": 0.29001729927750075}}, "raw_values_dict": {"all": {"all": 220000000}, "education_status": {"high_school": 2000000, "UNDERGRAD": 7900000, "ALUM": 66000000, "HIGH_SCHOOL_GRAD": 37000000, "SOME_COLLEGE": 9900000, "ASSOCIATE_DEGREE": 0, "IN_GRAD_SCHOOL": 940000, "SOME_GRAD_SCHOOL": 1000000, "MASTER_DEGREE": 7100000, "PROFESSIONAL_DEGREE": 940000, "DOCTORATE_DEGREE": 760000, "UNSPECIFIED": 57000000, "SOME_HIGH_SCHOOL": 6000000}, "political_alignment": {"conservative": 18000000, "liberal": 23000000, "moderate": 21000000, "very_conservative": 13000000, "very_liberal": 17000000}, "relationship_status": {"single": 36000000, "in_relationship": 19000000, "engaged": 4400000, "married": 58000000, "civil_union": 100000, "domestic_partnership": 230000, "open_relationship": 210000, "complicated": 1000000, "separated": 700000, "divorced": 1400000, "widowed": 1200000, "unspecified": 74000000}, "age_intervals": {"adolescent": 5000000, "young_1": 32000000, "young_2": 61000000, "mid_aged_1": 42000000, "mid_aged_2": 32000000, "old_1": 25000000, "old_2": 22000000}, "racial_affinities": {"african_american": 31000000, "asian_american": 3900000, "hispanic_all": 22000000, "other": 160000000}, "expat": {"expats": 22000000, "expats_mexico": 6700000, "expats_europe": 1100000, "expats_africa": 500000, "expats_asian": 2300000, "expats_latin_america": 5600000, "expats_russia": 120000, "expats_midle_east": 260000, "expats_south_asia": 1300000}, "gender": {"male": 99000000, "female": 120000000}, "education_status_grouped": {"college": 83800000, "high_school": 45000000, "grad_school": 10740000}, "education_status_grouped_2": {"incomplete_high_school": 8000000, "high_school": 37000000, "in_college": 17800000, "college": 66000000, "grad_school": 10740000, "UNSPECIFIED": 57000000}}}