{"percent_values_dict": {"education_status": {"high_school": 0.014342058085335245, "UNDERGRAD": 0.05665112943707422, "ALUM": 0.4732879168160631, "HIGH_SCHOOL_GRAD": 0.26532807457870206, "SOME_COLLEGE": 0.07099318752240946, "ASSOCIATE_DEGREE": 0.0, "IN_GRAD_SCHOOL": 0.0067407673001075655, "SOME_GRAD_SCHOOL": 0.007171029042667623, "MASTER_DEGREE": 0.05091430620294012, "PROFESSIONAL_DEGREE": 0.006812477590534241, "DOCTORATE_DEGREE": 0.005449982072427393, "UNSPECIFIED": 0.29015016543649785, "SOME_HIGH_SCHOOL": 0.042309071351738975}, "political_alignment": {"conservative": 0.20212765957446807, "liberal": 0.2553191489361702, "moderate": 0.22340425531914893, "very_conservative": 0.13829787234042554, "very_liberal": 0.18085106382978725}, "relationship_status": {"single": 0.17917477219207537, "in_relationship": 0.09726630490426948, "engaged": 0.023036756424695402, "married": 0.2969181939182963, "civil_union": 0.0005119279205487867, "domestic_partnership": 0.0011774342172622095, "open_relationship": 0.0010750486331524522, "complicated": 0.005119279205487867, "separated": 0.0035834954438415073, "divorced": 0.007166990887683015, "widowed": 0.0061431350465854405, "unspecified": 0.3788266612061022}, "age_intervals": {"adolescent": 0.0228310502283105, "young_1": 0.1461187214611872, "young_2": 0.2785388127853881, "mid_aged_1": 0.1917808219178082, "mid_aged_2": 0.1461187214611872, "old_1": 0.1141552511415525, "old_2": 0.1004566210045662}, "racial_affinities": {"african_american": 0.1460520310360566, "asian_american": 0.018712916476494753, "hispanic_all": 0.10497489730716568, "other": 0.730260155180283}, "expat": {"expats": 0.10454545454545454, "expats_mexico": 0.2956521739130435, "expats_europe": 0.04782608695652174, "expats_africa": 0.02217391304347826, "expats_asian": 0.1, "expats_latin_america": 0.24782608695652175, "expats_russia": 0.0052173913043478265, "expats_midle_east": 0.011739130434782608, "expats_south_asia": 0.06086956521739131}, "gender": {"male": 0.4520547945205479, "female": 0.547945205479452}, "education_status_grouped": {"college": 0.6009322337755468, "high_school": 0.3219792040157763, "grad_school": 0.07708856220867695}, "education_status_grouped_2": {"incomplete_high_school": 0.05665112943707422, "high_school": 0.26532807457870206, "in_college": 0.1276443169594837, "college": 0.4732879168160631, "grad_school": 0.07708856220867695, "UNSPECIFIED": 0.29015016543649785}}, "raw_values_dict": {"all": {"all": 220000000}, "education_status": {"high_school": 2000000, "UNDERGRAD": 7900000, "ALUM": 66000000, "HIGH_SCHOOL_GRAD": 37000000, "SOME_COLLEGE": 9900000, "ASSOCIATE_DEGREE": 0, "IN_GRAD_SCHOOL": 940000, "SOME_GRAD_SCHOOL": 1000000, "MASTER_DEGREE": 7100000, "PROFESSIONAL_DEGREE": 950000, "DOCTORATE_DEGREE": 760000, "UNSPECIFIED": 57000000, "SOME_HIGH_SCHOOL": 5900000}, "political_alignment": {"conservative": 19000000, "liberal": 24000000, "moderate": 21000000, "very_conservative": 13000000, "very_liberal": 17000000}, "relationship_status": {"single": 35000000, "in_relationship": 19000000, "engaged": 4500000, "married": 58000000, "civil_union": 100000, "domestic_partnership": 230000, "open_relationship": 210000, "complicated": 1000000, "separated": 700000, "divorced": 1400000, "widowed": 1200000, "unspecified": 74000000}, "age_intervals": {"adolescent": 5000000, "young_1": 32000000, "young_2": 61000000, "mid_aged_1": 42000000, "mid_aged_2": 32000000, "old_1": 25000000, "old_2": 22000000}, "racial_affinities": {"african_american": 32000000, "asian_american": 4100000, "hispanic_all": 23000000, "other": 160000000}, "expat": {"expats": 23000000, "expats_mexico": 6800000, "expats_europe": 1100000, "expats_africa": 510000, "expats_asian": 2300000, "expats_latin_america": 5700000, "expats_russia": 120000, "expats_midle_east": 270000, "expats_south_asia": 1400000}, "gender": {"male": 99000000, "female": 120000000}, "education_status_grouped": {"college": 83800000, "high_school": 44900000, "grad_school": 10750000}, "education_status_grouped_2": {"incomplete_high_school": 7900000, "high_school": 37000000, "in_college": 17800000, "college": 66000000, "grad_school": 10750000, "UNSPECIFIED": 57000000}}}