{"percent_values_dict": {"education_status": {"high_school": 0.01371940212289696, "UNDERGRAD": 0.05776590367535562, "ALUM": 0.4693479673622644, "HIGH_SCHOOL_GRAD": 0.2671673044985198, "SOME_COLLEGE": 0.07148530579825259, "ASSOCIATE_DEGREE": 0.0, "IN_GRAD_SCHOOL": 0.006643078922665896, "SOME_GRAD_SCHOOL": 0.007220737959419452, "MASTER_DEGREE": 0.05054516571593617, "PROFESSIONAL_DEGREE": 0.006715286302260091, "DOCTORATE_DEGREE": 0.005343346089970395, "UNSPECIFIED": 0.2879325415188442, "SOME_HIGH_SCHOOL": 0.044046501552458664}, "political_alignment": {"conservative": 0.19540229885057472, "liberal": 0.25287356321839083, "moderate": 0.22988505747126436, "very_conservative": 0.13793103448275862, "very_liberal": 0.1839080459770115}, "relationship_status": {"single": 0.1802915572039355, "in_relationship": 0.09787255962499355, "engaged": 0.022150105599340646, "married": 0.2936176788749807, "civil_union": 0.0005151187348683871, "domestic_partnership": 0.0011847730901972905, "open_relationship": 0.001081749343223613, "complicated": 0.0051511873486838715, "separated": 0.0035543192705918716, "divorced": 0.00721166228815742, "widowed": 0.006181424818420646, "unspecified": 0.3811878638026065}, "age_intervals": {"adolescent": 0.022384650525354044, "young_1": 0.14618547281863864, "young_2": 0.2786660575605299, "mid_aged_1": 0.19186843307446322, "mid_aged_2": 0.14618547281863864, "old_1": 0.11420740063956145, "old_2": 0.10050251256281408}, "racial_affinities": {"african_american": 0.3613926840017629, "asian_american": 0.017188188629352136, "hispanic_all": 0.09255178492728074, "other": 0.5288673424416043}, "expat": {"expats": 0.1, "expats_mexico": 0.3090909090909091, "expats_europe": 0.05, "expats_africa": 0.022272727272727274, "expats_asian": 0.10454545454545454, "expats_latin_america": 0.2590909090909091, "expats_russia": 0.005454545454545455, "expats_midle_east": 0.012727272727272728, "expats_south_asia": 0.05909090909090909}, "gender": {"male": 0.45454545454545453, "female": 0.5454545454545454}, "education_status_grouped": {"college": 0.5985991768358726, "high_school": 0.3249332081738754, "grad_school": 0.07646761499025201}, "education_status_grouped_2": {"incomplete_high_school": 0.05776590367535562, "high_school": 0.2671673044985198, "in_college": 0.12925120947360821, "college": 0.4693479673622644, "grad_school": 0.07646761499025201, "UNSPECIFIED": 0.2879325415188442}}, "raw_values_dict": {"all": {"all": 220000000}, "education_status": {"high_school": 1900000, "UNDERGRAD": 8000000, "ALUM": 65000000, "HIGH_SCHOOL_GRAD": 37000000, "SOME_COLLEGE": 9900000, "ASSOCIATE_DEGREE": 0, "IN_GRAD_SCHOOL": 920000, "SOME_GRAD_SCHOOL": 1000000, "MASTER_DEGREE": 7000000, "PROFESSIONAL_DEGREE": 930000, "DOCTORATE_DEGREE": 740000, "UNSPECIFIED": 56000000, "SOME_HIGH_SCHOOL": 6100000}, "political_alignment": {"conservative": 17000000, "liberal": 22000000, "moderate": 20000000, "very_conservative": 12000000, "very_liberal": 16000000}, "relationship_status": {"single": 35000000, "in_relationship": 19000000, "engaged": 4300000, "married": 57000000, "civil_union": 100000, "domestic_partnership": 230000, "open_relationship": 210000, "complicated": 1000000, "separated": 690000, "divorced": 1400000, "widowed": 1200000, "unspecified": 74000000}, "age_intervals": {"adolescent": 4900000, "young_1": 32000000, "young_2": 61000000, "mid_aged_1": 42000000, "mid_aged_2": 32000000, "old_1": 25000000, "old_2": 22000000}, "racial_affinities": {"african_american": 82000000, "asian_american": 3900000, "hispanic_all": 21000000, "other": 120000000}, "expat": {"expats": 22000000, "expats_mexico": 6800000, "expats_europe": 1100000, "expats_africa": 490000, "expats_asian": 2300000, "expats_latin_america": 5700000, "expats_russia": 120000, "expats_midle_east": 280000, "expats_south_asia": 1300000}, "gender": {"male": 100000000, "female": 120000000}, "education_status_grouped": {"college": 82900000, "high_school": 45000000, "grad_school": 10590000}, "education_status_grouped_2": {"incomplete_high_school": 8000000, "high_school": 37000000, "in_college": 17900000, "college": 65000000, "grad_school": 10590000, "UNSPECIFIED": 56000000}}}