{"percent_values_dict": {"education_status": {"high_school": 0.016401625900306638, "UNDERGRAD": 0.055622905227126866, "ALUM": 0.4706553519218427, "HIGH_SCHOOL_GRAD": 0.2709833844398488, "SOME_COLLEGE": 0.0705983027882764, "ASSOCIATE_DEGREE": 0.0, "IN_GRAD_SCHOOL": 0.007131141695785495, "SOME_GRAD_SCHOOL": 0.007131141695785495, "MASTER_DEGREE": 0.05134422020965557, "PROFESSIONAL_DEGREE": 0.0068458960279540754, "DOCTORATE_DEGREE": 0.005490979105754831, "UNSPECIFIED": 0.28900268721796885, "SOME_HIGH_SCHOOL": 0.03779505098766312}, "political_alignment": {"conservative": 0.2, "liberal": 0.2545454545454545, "moderate": 0.22727272727272727, "very_conservative": 0.13636363636363635, "very_liberal": 0.18181818181818182}, "relationship_status": {"single": 0.18334606569900688, "in_relationship": 0.09676597911892029, "engaged": 0.023427552839317547, "married": 0.2902979373567609, "civil_union": 0.0005092946269416857, "domestic_partnership": 0.0011713776419658773, "open_relationship": 0.0010695187165775401, "complicated": 0.005092946269416858, "separated": 0.003615991851285969, "divorced": 0.006620830150241915, "widowed": 0.006111535523300229, "unspecified": 0.3819709702062643}, "age_intervals": {"adolescent": 0.02269569245020843, "young_1": 0.15748031496062992, "young_2": 0.2686428902269569, "mid_aged_1": 0.18990273274664196, "mid_aged_2": 0.14821676702176934, "old_1": 0.1157943492357573, "old_2": 0.09726725335803613}, "racial_affinities": {"african_american": 0.10874704491725769, "asian_american": 0.02127659574468085, "hispanic_all": 0.11347517730496454, "other": 0.7565011820330969}, "expat": {"expats": 0.11904761904761904, "expats_mexico": 0.288, "expats_europe": 0.056, "expats_africa": 0.022, "expats_asian": 0.1, "expats_latin_america": 0.236, "expats_russia": 0.0056, "expats_midle_east": 0.0128, "expats_south_asia": 0.06}, "gender": {"male": 0.44954128440366975, "female": 0.5504587155963303}, "education_status_grouped": {"college": 0.596876559937246, "high_school": 0.32518006132781857, "grad_school": 0.07794337873493547}, "education_status_grouped_2": {"incomplete_high_school": 0.054196676887969766, "high_school": 0.2709833844398488, "in_college": 0.12622120801540326, "college": 0.4706553519218427, "grad_school": 0.07794337873493547, "UNSPECIFIED": 0.28900268721796885}}, "raw_values_dict": {"all": {"all": 210000000}, "education_status": {"high_school": 2300000, "UNDERGRAD": 7800000, "ALUM": 66000000, "HIGH_SCHOOL_GRAD": 38000000, "SOME_COLLEGE": 9900000, "ASSOCIATE_DEGREE": 0, "IN_GRAD_SCHOOL": 1000000, "SOME_GRAD_SCHOOL": 1000000, "MASTER_DEGREE": 7200000, "PROFESSIONAL_DEGREE": 960000, "DOCTORATE_DEGREE": 770000, "UNSPECIFIED": 57000000, "SOME_HIGH_SCHOOL": 5300000}, "political_alignment": {"conservative": 22000000, "liberal": 28000000, "moderate": 25000000, "very_conservative": 15000000, "very_liberal": 20000000}, "relationship_status": {"single": 36000000, "in_relationship": 19000000, "engaged": 4600000, "married": 57000000, "civil_union": 100000, "domestic_partnership": 230000, "open_relationship": 210000, "complicated": 1000000, "separated": 710000, "divorced": 1300000, "widowed": 1200000, "unspecified": 75000000}, "age_intervals": {"adolescent": 4900000, "young_1": 34000000, "young_2": 58000000, "mid_aged_1": 41000000, "mid_aged_2": 32000000, "old_1": 25000000, "old_2": 21000000}, "racial_affinities": {"african_american": 23000000, "asian_american": 4500000, "hispanic_all": 24000000, "other": 160000000}, "expat": {"expats": 25000000, "expats_mexico": 7200000, "expats_europe": 1400000, "expats_africa": 550000, "expats_asian": 2500000, "expats_latin_america": 5900000, "expats_russia": 140000, "expats_midle_east": 320000, "expats_south_asia": 1500000}, "gender": {"male": 98000000, "female": 120000000}, "education_status_grouped": {"college": 83700000, "high_school": 45600000, "grad_school": 10930000}, "education_status_grouped_2": {"incomplete_high_school": 7600000, "high_school": 38000000, "in_college": 17700000, "college": 66000000, "grad_school": 10930000, "UNSPECIFIED": 57000000}}}