{"percent_values_dict": {"education_status": {"high_school": 0.016532489936745255, "UNDERGRAD": 0.05534790109258195, "ALUM": 0.4744105807935595, "HIGH_SCHOOL_GRAD": 0.26595744680851063, "SOME_COLLEGE": 0.07116158711903393, "ASSOCIATE_DEGREE": 0.0, "IN_GRAD_SCHOOL": 0.00718803910293272, "SOME_GRAD_SCHOOL": 0.00718803910293272, "MASTER_DEGREE": 0.051753881541115584, "PROFESSIONAL_DEGREE": 0.006900517538815411, "DOCTORATE_DEGREE": 0.005462909718228867, "UNSPECIFIED": 0.2833298990315269, "SOME_HIGH_SCHOOL": 0.03809660724554342}, "political_alignment": {"conservative": 0.19811320754716982, "liberal": 0.25471698113207547, "moderate": 0.22641509433962265, "very_conservative": 0.14150943396226415, "very_liberal": 0.1792452830188679}, "relationship_status": {"single": 0.18102824040550325, "in_relationship": 0.09827247336298749, "engaged": 0.023792283024723287, "married": 0.29481742008896245, "civil_union": 0.0005172235440157236, "domestic_partnership": 0.0011896141512361643, "open_relationship": 0.0010861694424330196, "complicated": 0.005172235440157236, "separated": 0.003620564808110065, "divorced": 0.0067239060722044065, "widowed": 0.006206682528188683, "unspecified": 0.37757318713147825}, "age_intervals": {"adolescent": 0.023015500234852042, "young_1": 0.15500234852043213, "young_2": 0.2677313292625646, "mid_aged_1": 0.18788163457022075, "mid_aged_2": 0.1503053076561766, "old_1": 0.11742602160638797, "old_2": 0.0986378581493659}, "racial_affinities": {"african_american": 0.10879848628192999, "asian_american": 0.020813623462630087, "hispanic_all": 0.11352885525070956, "other": 0.7568590350047304}, "expat": {"expats": 0.11428571428571428, "expats_mexico": 0.29583333333333334, "expats_europe": 0.05416666666666667, "expats_africa": 0.0225, "expats_asian": 0.1, "expats_latin_america": 0.24166666666666667, "expats_russia": 0.005833333333333334, "expats_midle_east": 0.012916666666666667, "expats_south_asia": 0.058333333333333334}, "gender": {"male": 0.46601941747572817, "female": 0.5339805825242718}, "education_status_grouped": {"college": 0.6009200690051754, "high_school": 0.32058654399079933, "grad_school": 0.0784933870040253}, "education_status_grouped_2": {"incomplete_high_school": 0.05462909718228867, "high_school": 0.26595744680851063, "in_college": 0.12650948821161587, "college": 0.4744105807935595, "grad_school": 0.0784933870040253, "UNSPECIFIED": 0.2833298990315269}}, "raw_values_dict": {"all": {"all": 210000000}, "education_status": {"high_school": 2300000, "UNDERGRAD": 7700000, "ALUM": 66000000, "HIGH_SCHOOL_GRAD": 37000000, "SOME_COLLEGE": 9900000, "ASSOCIATE_DEGREE": 0, "IN_GRAD_SCHOOL": 1000000, "SOME_GRAD_SCHOOL": 1000000, "MASTER_DEGREE": 7200000, "PROFESSIONAL_DEGREE": 960000, "DOCTORATE_DEGREE": 760000, "UNSPECIFIED": 55000000, "SOME_HIGH_SCHOOL": 5300000}, "political_alignment": {"conservative": 21000000, "liberal": 27000000, "moderate": 24000000, "very_conservative": 15000000, "very_liberal": 19000000}, "relationship_status": {"single": 35000000, "in_relationship": 19000000, "engaged": 4600000, "married": 57000000, "civil_union": 100000, "domestic_partnership": 230000, "open_relationship": 210000, "complicated": 1000000, "separated": 700000, "divorced": 1300000, "widowed": 1200000, "unspecified": 73000000}, "age_intervals": {"adolescent": 4900000, "young_1": 33000000, "young_2": 57000000, "mid_aged_1": 40000000, "mid_aged_2": 32000000, "old_1": 25000000, "old_2": 21000000}, "racial_affinities": {"african_american": 23000000, "asian_american": 4400000, "hispanic_all": 24000000, "other": 160000000}, "expat": {"expats": 24000000, "expats_mexico": 7100000, "expats_europe": 1300000, "expats_africa": 540000, "expats_asian": 2400000, "expats_latin_america": 5800000, "expats_russia": 140000, "expats_midle_east": 310000, "expats_south_asia": 1400000}, "gender": {"male": 96000000, "female": 110000000}, "education_status_grouped": {"college": 83600000, "high_school": 44600000, "grad_school": 10920000}, "education_status_grouped_2": {"incomplete_high_school": 7600000, "high_school": 37000000, "in_college": 17600000, "college": 66000000, "grad_school": 10920000, "UNSPECIFIED": 55000000}}}