{"percent_values_dict": {"education_status": {"high_school": 0.01244600629621495, "UNDERGRAD": 0.057105205359103885, "ALUM": 0.46855553115162163, "HIGH_SCHOOL_GRAD": 0.26356248627278717, "SOME_COLLEGE": 0.07321180174244088, "ASSOCIATE_DEGREE": 0.0, "IN_GRAD_SCHOOL": 0.006149791346365034, "SOME_GRAD_SCHOOL": 0.007321180174244088, "MASTER_DEGREE": 0.05051614320228421, "PROFESSIONAL_DEGREE": 0.006735485760304561, "DOCTORATE_DEGREE": 0.005344461527198184, "UNSPECIFIED": 0.2944366961103363, "SOME_HIGH_SCHOOL": 0.04905190716743539}, "political_alignment": {"conservative": 0.20270270270270271, "liberal": 0.25675675675675674, "moderate": 0.22972972972972974, "very_conservative": 0.13513513513513514, "very_liberal": 0.17567567567567569}, "relationship_status": {"single": 0.17919403642246787, "in_relationship": 0.0972767626293397, "engaged": 0.023039233254317296, "married": 0.2969501175000896, "civil_union": 0.0005068631315949805, "domestic_partnership": 0.0011775608107762175, "open_relationship": 0.0010751642185348072, "complicated": 0.00511982961207051, "separated": 0.003481484136207947, "divorced": 0.007167761456898714, "widowed": 0.0061437955344846125, "unspecified": 0.3788673912932178}, "age_intervals": {"adolescent": 0.024058102587380843, "young_1": 0.14525646845211077, "young_2": 0.2723558783477077, "mid_aged_1": 0.19064911484339536, "mid_aged_2": 0.14525646845211077, "old_1": 0.11802088061734, "old_2": 0.10440308669995461}, "racial_affinities": {"african_american": 0.32487761459724074, "asian_american": 0.016466399643969738, "hispanic_all": 0.0801068090787717, "other": 0.5785491766800178}, "expat": {"expats": 0.09090909090909091, "expats_mexico": 0.3, "expats_europe": 0.048, "expats_africa": 0.0215, "expats_asian": 0.1, "expats_latin_america": 0.26, "expats_russia": 0.0055, "expats_midle_east": 0.0125, "expats_south_asia": 0.055}, "gender": {"male": 0.45454545454545453, "female": 0.5454545454545454}, "education_status_grouped": {"college": 0.5988725382531664, "high_school": 0.3250603997364375, "grad_school": 0.07606706201039608}, "education_status_grouped_2": {"incomplete_high_school": 0.06149791346365034, "high_school": 0.26356248627278717, "in_college": 0.13031700710154476, "college": 0.46855553115162163, "grad_school": 0.07606706201039608, "UNSPECIFIED": 0.2944366961103363}}, "raw_values_dict": {"all": {"all": 220000000}, "education_status": {"high_school": 1700000, "UNDERGRAD": 7800000, "ALUM": 64000000, "HIGH_SCHOOL_GRAD": 36000000, "SOME_COLLEGE": 10000000, "ASSOCIATE_DEGREE": 0, "IN_GRAD_SCHOOL": 840000, "SOME_GRAD_SCHOOL": 1000000, "MASTER_DEGREE": 6900000, "PROFESSIONAL_DEGREE": 920000, "DOCTORATE_DEGREE": 730000, "UNSPECIFIED": 57000000, "SOME_HIGH_SCHOOL": 6700000}, "political_alignment": {"conservative": 15000000, "liberal": 19000000, "moderate": 17000000, "very_conservative": 10000000, "very_liberal": 13000000}, "relationship_status": {"single": 35000000, "in_relationship": 19000000, "engaged": 4500000, "married": 58000000, "civil_union": 99000, "domestic_partnership": 230000, "open_relationship": 210000, "complicated": 1000000, "separated": 680000, "divorced": 1400000, "widowed": 1200000, "unspecified": 74000000}, "age_intervals": {"adolescent": 5300000, "young_1": 32000000, "young_2": 60000000, "mid_aged_1": 42000000, "mid_aged_2": 32000000, "old_1": 26000000, "old_2": 23000000}, "racial_affinities": {"african_american": 73000000, "asian_american": 3700000, "hispanic_all": 18000000, "other": 130000000}, "expat": {"expats": 20000000, "expats_mexico": 6000000, "expats_europe": 960000, "expats_africa": 430000, "expats_asian": 2000000, "expats_latin_america": 5200000, "expats_russia": 110000, "expats_midle_east": 250000, "expats_south_asia": 1100000}, "gender": {"male": 100000000, "female": 120000000}, "education_status_grouped": {"college": 81800000, "high_school": 44400000, "grad_school": 10390000}, "education_status_grouped_2": {"incomplete_high_school": 8400000, "high_school": 36000000, "in_college": 17800000, "college": 64000000, "grad_school": 10390000, "UNSPECIFIED": 57000000}}}