{"percent_values_dict": {"education_status": {"UNDERGRAD": 0.057634878461929245, "IN_GRAD_SCHOOL": 0.009027149638615424, "DOCTORATE_DEGREE": 0.005902367071402393, "SOME_GRAD_SCHOOL": 0.006666202810054467, "PROFESSIONAL_DEGREE": 0.0076383573865207435, "UNSPECIFIED": 0.25771864772757613, "MASTER_DEGREE": 0.05485729395773988, "ALUM": 0.49302124949361165, "SOME_HIGH_SCHOOL": 0.027775845041893614, "SOME_COLLEGE": 0.06319004747030797, "ASSOCIATE_DEGREE": 1.3887922520946808e-07, "HIGH_SCHOOL_GRAD": 0.2638705278979893, "high_school": 0.010415941890710104}, "political_alignment": {"very_conservative": 0.1388888888888889, "very_liberal": 0.18888888888888888, "moderate": 0.2388888888888889, "liberal": 0.2388888888888889, "conservative": 0.19444444444444445}, "political_engagement": {"moderate": 0.37777777777777777, "liberal": 0.3333333333333333, "conservative": 0.28888888888888886}, "relationship_status": {"separated": 0.003982209350434423, "widowed": 0.005688870500620604, "open_relationship": 0.0011894911046752173, "domestic_partnership": 0.00129292511377741, "engaged": 0.022755482002482418, "single": 0.18618121638394705, "complicated": 0.005688870500620604, "civil_union": 0.0005688870500620604, "in_relationship": 0.09826230864708316, "divorced": 0.007240380637153496, "married": 0.30513032685146874, "unspecified": 0.3620190318576748}, "income_level": {"40k_to_50k": 0.16725204883759826, "150k_to_250k": 0.11443561236256723, "30k_to_40k": 0.009683013353755689, "100k_to_125k": 0.09683013353755689, "250k_to_350k": 0.025527944296265, "over_500k": 9.683013353755689e-05, "75k_to_100k": 0.19366026707511377, "350k_to_500k": 0.0016725204883759827, "50k_to_75k": 0.36091231591271206, "125k_to_150k": 0.029929314002517582}, "age_intervals": {"young_2": 0.2537313432835821, "mid_aged_1": 0.18407960199004975, "mid_aged_2": 0.15422885572139303, "adolescent": 0.024875621890547265, "old_2": 0.09950248756218906, "old_1": 0.11940298507462686, "young_1": 0.16417910447761194}, "racial_affinities": {"other": 0.647118301314459, "hispanic_all": 0.15672396359959556, "asian_american": 0.034378159757330634, "african_american": 0.16177957532861476}, "expat": {"expats_mexico": 0.2645161290322581, "expats_south_asia": 0.06774193548387097, "expats_latin_america": 0.2129032258064516, "expats_europe": 0.07096774193548387, "expats_midle_east": 0.004838709677419355, "expats_asian": 0.1, "expats_russia": 0.0064516129032258064, "expats_africa": 0.02193548387096774, "expats": 0.15736040609137056}, "language": {"portuguese": 0.0032227316054650266, "japanse": 0.0009985928918342336, "hindi": 0.001906404611683537, "chinese": 0.0034496845354273524, "english": 0.8578820752575915, "german": 0.0013163269937814896, "arabic": 0.0035858562934047477, "spanish": 0.12255458217965594, "korean": 0.0015432799237438154, "french": 0.003540465707412283}, "gender": {"male": 0.4587628865979381, "female": 0.5412371134020618}, "education_status_grouped": {"college": 0.6138463143050741, "high_school": 0.30206231483059304, "grad_school": 0.08409137086433291}, "education_status_grouped_2": {"incomplete_high_school": 0.038191786932603715, "high_school": 0.2638705278979893, "in_college": 0.12082492593223722, "college": 0.4930213883728368, "grad_school": 0.08409137086433291, "UNSPECIFIED": 0.25771864772757613}}, "raw_values_dict": {"all": {"all": 197000000}, "education_status": {"UNDERGRAD": 8300000, "IN_GRAD_SCHOOL": 1300000, "DOCTORATE_DEGREE": 850000, "SOME_GRAD_SCHOOL": 960000, "PROFESSIONAL_DEGREE": 1100000, "UNSPECIFIED": 50000000, "MASTER_DEGREE": 7900000, "ALUM": 71000000, "SOME_HIGH_SCHOOL": 4000000, "SOME_COLLEGE": 9100000, "ASSOCIATE_DEGREE": 20, "HIGH_SCHOOL_GRAD": 38000000, "high_school": 1500000}, "political_alignment": {"very_conservative": 25000000, "very_liberal": 34000000, "moderate": 43000000, "liberal": 43000000, "conservative": 35000000}, "political_engagement": {"moderate": 1700000, "liberal": 1500000, "conservative": 1300000}, "relationship_status": {"separated": 770000, "widowed": 1100000, "open_relationship": 230000, "domestic_partnership": 250000, "engaged": 4400000, "single": 36000000, "complicated": 1100000, "civil_union": 110000, "in_relationship": 19000000, "divorced": 1400000, "married": 59000000, "unspecified": 70000000}, "income_level": {"40k_to_50k": 19000000, "150k_to_250k": 13000000, "30k_to_40k": 1100000, "100k_to_125k": 11000000, "250k_to_350k": 2900000, "over_500k": 11000, "75k_to_100k": 22000000, "350k_to_500k": 190000, "50k_to_75k": 41000000, "125k_to_150k": 3400000}, "age_intervals": {"young_2": 51000000, "mid_aged_1": 37000000, "mid_aged_2": 31000000, "adolescent": 5000000, "old_2": 20000000, "old_1": 24000000, "young_1": 33000000}, "racial_affinities": {"other": 128000000, "hispanic_all": 31000000, "asian_american": 6800000, "african_american": 32000000}, "expat": {"expats_mexico": 8200000, "expats_south_asia": 2100000, "expats_latin_america": 6600000, "expats_europe": 2200000, "expats_midle_east": 150000, "expats_asian": 3100000, "expats_russia": 200000, "expats_africa": 680000, "expats": 31000000}, "language": {"portuguese": 710000, "japanse": 220000, "hindi": 420000, "chinese": 760000, "english": 189000000, "german": 290000, "arabic": 790000, "spanish": 27000000, "korean": 340000, "french": 780000}, "gender": {"male": 89000000, "female": 105000000}, "education_status_grouped": {"college": 88400020, "high_school": 43500000, "grad_school": 12110000}, "education_status_grouped_2": {"incomplete_high_school": 5500000, "high_school": 38000000, "in_college": 17400000, "college": 71000020, "grad_school": 12110000, "UNSPECIFIED": 50000000}}}