{"percent_values_dict": {"education_status": {"high_school": 0.01436265709156194, "UNDERGRAD": 0.05529622980251347, "ALUM": 0.473967684021544, "HIGH_SCHOOL_GRAD": 0.26570915619389585, "SOME_COLLEGE": 0.0710951526032316, "ASSOCIATE_DEGREE": 0.0, "IN_GRAD_SCHOOL": 0.006750448833034111, "SOME_GRAD_SCHOOL": 0.00718132854578097, "MASTER_DEGREE": 0.05170556552962298, "PROFESSIONAL_DEGREE": 0.006822262118491921, "DOCTORATE_DEGREE": 0.005457809694793537, "UNSPECIFIED": 0.28681177976952626, "SOME_HIGH_SCHOOL": 0.04165170556552962}, "political_alignment": {"conservative": 0.2, "liberal": 0.25263157894736843, "moderate": 0.23157894736842105, "very_conservative": 0.1368421052631579, "very_liberal": 0.17894736842105263}, "relationship_status": {"single": 0.18009673767623752, "in_relationship": 0.09776680045281465, "engaged": 0.02315529484408768, "married": 0.293300401358444, "civil_union": 0.0005145621076463929, "domestic_partnership": 0.0011834928475867037, "open_relationship": 0.001080580426057425, "complicated": 0.005145621076463929, "separated": 0.0036019347535247506, "divorced": 0.007203869507049501, "widowed": 0.006174745291756715, "unspecified": 0.3807759596583308}, "age_intervals": {"adolescent": 0.02304147465437788, "young_1": 0.14746543778801843, "young_2": 0.2764976958525346, "mid_aged_1": 0.1889400921658986, "mid_aged_2": 0.14746543778801843, "old_1": 0.1152073732718894, "old_2": 0.10138248847926268}, "racial_affinities": {"african_american": 0.13812154696132597, "asian_american": 0.019337016574585635, "hispanic_all": 0.10589318600368323, "other": 0.7366482504604052}, "expat": {"expats": 0.10454545454545454, "expats_mexico": 0.3, "expats_europe": 0.04782608695652174, "expats_africa": 0.02217391304347826, "expats_asian": 0.1, "expats_latin_america": 0.24782608695652175, "expats_russia": 0.0052173913043478265, "expats_midle_east": 0.01217391304347826, "expats_south_asia": 0.06086956521739131}, "gender": {"male": 0.44954128440366975, "female": 0.5504587155963303}, "education_status_grouped": {"college": 0.6003590664272891, "high_school": 0.32172351885098743, "grad_school": 0.07791741472172352}, "education_status_grouped_2": {"incomplete_high_school": 0.05601436265709156, "high_school": 0.26570915619389585, "in_college": 0.12639138240574507, "college": 0.473967684021544, "grad_school": 0.07791741472172352, "UNSPECIFIED": 0.28681177976952626}}, "raw_values_dict": {"all": {"all": 220000000}, "education_status": {"high_school": 2000000, "UNDERGRAD": 7700000, "ALUM": 66000000, "HIGH_SCHOOL_GRAD": 37000000, "SOME_COLLEGE": 9900000, "ASSOCIATE_DEGREE": 0, "IN_GRAD_SCHOOL": 940000, "SOME_GRAD_SCHOOL": 1000000, "MASTER_DEGREE": 7200000, "PROFESSIONAL_DEGREE": 950000, "DOCTORATE_DEGREE": 760000, "UNSPECIFIED": 56000000, "SOME_HIGH_SCHOOL": 5800000}, "political_alignment": {"conservative": 19000000, "liberal": 24000000, "moderate": 22000000, "very_conservative": 13000000, "very_liberal": 17000000}, "relationship_status": {"single": 35000000, "in_relationship": 19000000, "engaged": 4500000, "married": 57000000, "civil_union": 100000, "domestic_partnership": 230000, "open_relationship": 210000, "complicated": 1000000, "separated": 700000, "divorced": 1400000, "widowed": 1200000, "unspecified": 74000000}, "age_intervals": {"adolescent": 5000000, "young_1": 32000000, "young_2": 60000000, "mid_aged_1": 41000000, "mid_aged_2": 32000000, "old_1": 25000000, "old_2": 22000000}, "racial_affinities": {"african_american": 30000000, "asian_american": 4200000, "hispanic_all": 23000000, "other": 160000000}, "expat": {"expats": 23000000, "expats_mexico": 6900000, "expats_europe": 1100000, "expats_africa": 510000, "expats_asian": 2300000, "expats_latin_america": 5700000, "expats_russia": 120000, "expats_midle_east": 280000, "expats_south_asia": 1400000}, "gender": {"male": 98000000, "female": 120000000}, "education_status_grouped": {"college": 83600000, "high_school": 44800000, "grad_school": 10850000}, "education_status_grouped_2": {"incomplete_high_school": 7800000, "high_school": 37000000, "in_college": 17600000, "college": 66000000, "grad_school": 10850000, "UNSPECIFIED": 56000000}}}