{"percent_values_dict": {"education_status": {"high_school": 0.013626909560352866, "UNDERGRAD": 0.056659255540414545, "ALUM": 0.4733558057806785, "HIGH_SCHOOL_GRAD": 0.2653661335437137, "SOME_COLLEGE": 0.07100337086710178, "ASSOCIATE_DEGREE": 0.0, "IN_GRAD_SCHOOL": 0.006741734203542997, "SOME_GRAD_SCHOOL": 0.0071720576633436135, "MASTER_DEGREE": 0.05092160940973965, "PROFESSIONAL_DEGREE": 0.006741734203542997, "DOCTORATE_DEGREE": 0.00537904324750771, "UNSPECIFIED": 0.28654761295604564, "SOME_HIGH_SCHOOL": 0.04303234598006168}, "political_alignment": {"conservative": 0.1978021978021978, "liberal": 0.25274725274725274, "moderate": 0.23076923076923078, "very_conservative": 0.14285714285714285, "very_liberal": 0.17582417582417584}, "relationship_status": {"single": 0.17926746193127396, "in_relationship": 0.09731662219126301, "engaged": 0.022536480928503015, "married": 0.29707179405753975, "civil_union": 0.0005070708208913178, "domestic_partnership": 0.0011780433212626575, "open_relationship": 0.0010756047715876438, "complicated": 0.005121927483750685, "separated": 0.0035853492386254794, "divorced": 0.007170698477250959, "widowed": 0.006146312980500822, "unspecified": 0.3790226337975507}, "age_intervals": {"adolescent": 0.022487379531895366, "young_1": 0.14685635612666362, "young_2": 0.2799449288664525, "mid_aged_1": 0.18815970628728776, "mid_aged_2": 0.14685635612666362, "old_1": 0.11473152822395594, "old_2": 0.10096374483708123}, "racial_affinities": {"african_american": 0.13895321908290875, "asian_american": 0.018063918480778138, "hispanic_all": 0.10189902732746642, "other": 0.7410838351088467}, "expat": {"expats": 0.1, "expats_mexico": 0.3, "expats_europe": 0.05, "expats_africa": 0.022272727272727274, "expats_asian": 0.1, "expats_latin_america": 0.25, "expats_russia": 0.005, "expats_midle_east": 0.011818181818181818, "expats_south_asia": 0.05909090909090909}, "gender": {"male": 0.4520547945205479, "female": 0.547945205479452}, "education_status_grouped": {"college": 0.6010184321881948, "high_school": 0.32202538908412826, "grad_school": 0.07695617872767697}, "education_status_grouped_2": {"incomplete_high_school": 0.056659255540414545, "high_school": 0.2653661335437137, "in_college": 0.12766262640751633, "college": 0.4733558057806785, "grad_school": 0.07695617872767697, "UNSPECIFIED": 0.28654761295604564}}, "raw_values_dict": {"all": {"all": 220000000}, "education_status": {"high_school": 1900000, "UNDERGRAD": 7900000, "ALUM": 66000000, "HIGH_SCHOOL_GRAD": 37000000, "SOME_COLLEGE": 9900000, "ASSOCIATE_DEGREE": 0, "IN_GRAD_SCHOOL": 940000, "SOME_GRAD_SCHOOL": 1000000, "MASTER_DEGREE": 7100000, "PROFESSIONAL_DEGREE": 940000, "DOCTORATE_DEGREE": 750000, "UNSPECIFIED": 56000000, "SOME_HIGH_SCHOOL": 6000000}, "political_alignment": {"conservative": 18000000, "liberal": 23000000, "moderate": 21000000, "very_conservative": 13000000, "very_liberal": 16000000}, "relationship_status": {"single": 35000000, "in_relationship": 19000000, "engaged": 4400000, "married": 58000000, "civil_union": 99000, "domestic_partnership": 230000, "open_relationship": 210000, "complicated": 1000000, "separated": 700000, "divorced": 1400000, "widowed": 1200000, "unspecified": 74000000}, "age_intervals": {"adolescent": 4900000, "young_1": 32000000, "young_2": 61000000, "mid_aged_1": 41000000, "mid_aged_2": 32000000, "old_1": 25000000, "old_2": 22000000}, "racial_affinities": {"african_american": 30000000, "asian_american": 3900000, "hispanic_all": 22000000, "other": 160000000}, "expat": {"expats": 22000000, "expats_mexico": 6600000, "expats_europe": 1100000, "expats_africa": 490000, "expats_asian": 2200000, "expats_latin_america": 5500000, "expats_russia": 110000, "expats_midle_east": 260000, "expats_south_asia": 1300000}, "gender": {"male": 99000000, "female": 120000000}, "education_status_grouped": {"college": 83800000, "high_school": 44900000, "grad_school": 10730000}, "education_status_grouped_2": {"incomplete_high_school": 7900000, "high_school": 37000000, "in_college": 17800000, "college": 66000000, "grad_school": 10730000, "UNSPECIFIED": 56000000}}}