{"percent_values_dict": {"education_status": {"high_school": 0.014352350197344816, "UNDERGRAD": 0.05597416576964478, "ALUM": 0.4736275565123789, "HIGH_SCHOOL_GRAD": 0.2655184786508791, "SOME_COLLEGE": 0.07104413347685684, "ASSOCIATE_DEGREE": 0.0, "IN_GRAD_SCHOOL": 0.006745604592752063, "SOME_GRAD_SCHOOL": 0.007176175098672408, "MASTER_DEGREE": 0.05166846071044134, "PROFESSIONAL_DEGREE": 0.0068173663437387875, "DOCTORATE_DEGREE": 0.0054538930749910295, "UNSPECIFIED": 0.2866649603276171, "SOME_HIGH_SCHOOL": 0.041621815572299964}, "political_alignment": {"conservative": 0.2, "liberal": 0.25263157894736843, "moderate": 0.23157894736842105, "very_conservative": 0.1368421052631579, "very_liberal": 0.17894736842105263}, "relationship_status": {"single": 0.17917477219207537, "in_relationship": 0.09726630490426948, "engaged": 0.023036756424695402, "married": 0.2969181939182963, "civil_union": 0.0005119279205487867, "domestic_partnership": 0.0011774342172622095, "open_relationship": 0.0010750486331524522, "complicated": 0.005119279205487867, "separated": 0.0035834954438415073, "divorced": 0.007166990887683015, "widowed": 0.0061431350465854405, "unspecified": 0.3788266612061022}, "age_intervals": {"adolescent": 0.02304147465437788, "young_1": 0.14746543778801843, "young_2": 0.2764976958525346, "mid_aged_1": 0.1889400921658986, "mid_aged_2": 0.14746543778801843, "old_1": 0.1152073732718894, "old_2": 0.10138248847926268}, "racial_affinities": {"african_american": 0.145985401459854, "asian_american": 0.01916058394160584, "hispanic_all": 0.10492700729927007, "other": 0.7299270072992701}, "expat": {"expats": 0.10952380952380952, "expats_mexico": 0.3, "expats_europe": 0.04782608695652174, "expats_africa": 0.02217391304347826, "expats_asian": 0.1, "expats_latin_america": 0.25217391304347825, "expats_russia": 0.0052173913043478265, "expats_midle_east": 0.01217391304347826, "expats_south_asia": 0.06086956521739131}, "gender": {"male": 0.44954128440366975, "female": 0.5504587155963303}, "education_status_grouped": {"college": 0.6006458557588805, "high_school": 0.3214926444205239, "grad_school": 0.07786149982059562}, "education_status_grouped_2": {"incomplete_high_school": 0.05597416576964478, "high_school": 0.2655184786508791, "in_college": 0.12701829924650163, "college": 0.4736275565123789, "grad_school": 0.07786149982059562, "UNSPECIFIED": 0.2866649603276171}}, "raw_values_dict": {"all": {"all": 210000000}, "education_status": {"high_school": 2000000, "UNDERGRAD": 7800000, "ALUM": 66000000, "HIGH_SCHOOL_GRAD": 37000000, "SOME_COLLEGE": 9900000, "ASSOCIATE_DEGREE": 0, "IN_GRAD_SCHOOL": 940000, "SOME_GRAD_SCHOOL": 1000000, "MASTER_DEGREE": 7200000, "PROFESSIONAL_DEGREE": 950000, "DOCTORATE_DEGREE": 760000, "UNSPECIFIED": 56000000, "SOME_HIGH_SCHOOL": 5800000}, "political_alignment": {"conservative": 19000000, "liberal": 24000000, "moderate": 22000000, "very_conservative": 13000000, "very_liberal": 17000000}, "relationship_status": {"single": 35000000, "in_relationship": 19000000, "engaged": 4500000, "married": 58000000, "civil_union": 100000, "domestic_partnership": 230000, "open_relationship": 210000, "complicated": 1000000, "separated": 700000, "divorced": 1400000, "widowed": 1200000, "unspecified": 74000000}, "age_intervals": {"adolescent": 5000000, "young_1": 32000000, "young_2": 60000000, "mid_aged_1": 41000000, "mid_aged_2": 32000000, "old_1": 25000000, "old_2": 22000000}, "racial_affinities": {"african_american": 32000000, "asian_american": 4200000, "hispanic_all": 23000000, "other": 160000000}, "expat": {"expats": 23000000, "expats_mexico": 6900000, "expats_europe": 1100000, "expats_africa": 510000, "expats_asian": 2300000, "expats_latin_america": 5800000, "expats_russia": 120000, "expats_midle_east": 280000, "expats_south_asia": 1400000}, "gender": {"male": 98000000, "female": 120000000}, "education_status_grouped": {"college": 83700000, "high_school": 44800000, "grad_school": 10850000}, "education_status_grouped_2": {"incomplete_high_school": 7800000, "high_school": 37000000, "in_college": 17700000, "college": 66000000, "grad_school": 10850000, "UNSPECIFIED": 56000000}}}