{"percent_values_dict": {"education_status": {"high_school": 0.01581709684377022, "UNDERGRAD": 0.05464088000575167, "ALUM": 0.47451290531310664, "HIGH_SCHOOL_GRAD": 0.26601481055431736, "SOME_COLLEGE": 0.07117693579696599, "ASSOCIATE_DEGREE": 0.0, "IN_GRAD_SCHOOL": 0.006902005895463369, "SOME_GRAD_SCHOOL": 0.00718958947444101, "MASTER_DEGREE": 0.05176504421597527, "PROFESSIONAL_DEGREE": 0.006902005895463369, "DOCTORATE_DEGREE": 0.0055359838953195776, "UNSPECIFIED": 0.2870470039468963, "SOME_HIGH_SCHOOL": 0.03954274210942555}, "political_alignment": {"conservative": 0.1941747572815534, "liberal": 0.2524271844660194, "moderate": 0.23300970873786409, "very_conservative": 0.13592233009708737, "very_liberal": 0.18446601941747573}, "relationship_status": {"single": 0.18429405139756322, "in_relationship": 0.09726630490426948, "engaged": 0.02354868434524419, "married": 0.29179891471280844, "civil_union": 0.0005119279205487867, "domestic_partnership": 0.0011774342172622095, "open_relationship": 0.0010750486331524522, "complicated": 0.005119279205487867, "separated": 0.0035834954438415073, "divorced": 0.0066550629671342275, "widowed": 0.0061431350465854405, "unspecified": 0.3788266612061022}, "age_intervals": {"adolescent": 0.02304147465437788, "young_1": 0.15207373271889402, "young_2": 0.271889400921659, "mid_aged_1": 0.1889400921658986, "mid_aged_2": 0.14746543778801843, "old_1": 0.1152073732718894, "old_2": 0.10138248847926268}, "racial_affinities": {"african_american": 0.10393131495707185, "asian_american": 0.019430637144148215, "hispanic_all": 0.10845006778129236, "other": 0.7681879801174876}, "expat": {"expats": 0.11428571428571428, "expats_mexico": 0.29583333333333334, "expats_europe": 0.05, "expats_africa": 0.022083333333333333, "expats_asian": 0.1, "expats_latin_america": 0.24583333333333332, "expats_russia": 0.005416666666666667, "expats_midle_east": 0.0125, "expats_south_asia": 0.058333333333333334}, "gender": {"male": 0.44954128440366975, "female": 0.5504587155963303}, "education_status_grouped": {"college": 0.6003307211158243, "high_school": 0.3213746495075131, "grad_school": 0.0782946293766626}, "education_status_grouped_2": {"incomplete_high_school": 0.055359838953195774, "high_school": 0.26601481055431736, "in_college": 0.12581781580271767, "college": 0.47451290531310664, "grad_school": 0.0782946293766626, "UNSPECIFIED": 0.2870470039468963}}, "raw_values_dict": {"all": {"all": 210000000}, "education_status": {"high_school": 2200000, "UNDERGRAD": 7600000, "ALUM": 66000000, "HIGH_SCHOOL_GRAD": 37000000, "SOME_COLLEGE": 9900000, "ASSOCIATE_DEGREE": 0, "IN_GRAD_SCHOOL": 960000, "SOME_GRAD_SCHOOL": 1000000, "MASTER_DEGREE": 7200000, "PROFESSIONAL_DEGREE": 960000, "DOCTORATE_DEGREE": 770000, "UNSPECIFIED": 56000000, "SOME_HIGH_SCHOOL": 5500000}, "political_alignment": {"conservative": 20000000, "liberal": 26000000, "moderate": 24000000, "very_conservative": 14000000, "very_liberal": 19000000}, "relationship_status": {"single": 36000000, "in_relationship": 19000000, "engaged": 4600000, "married": 57000000, "civil_union": 100000, "domestic_partnership": 230000, "open_relationship": 210000, "complicated": 1000000, "separated": 700000, "divorced": 1300000, "widowed": 1200000, "unspecified": 74000000}, "age_intervals": {"adolescent": 5000000, "young_1": 33000000, "young_2": 59000000, "mid_aged_1": 41000000, "mid_aged_2": 32000000, "old_1": 25000000, "old_2": 22000000}, "racial_affinities": {"african_american": 23000000, "asian_american": 4300000, "hispanic_all": 24000000, "other": 170000000}, "expat": {"expats": 24000000, "expats_mexico": 7100000, "expats_europe": 1200000, "expats_africa": 530000, "expats_asian": 2400000, "expats_latin_america": 5900000, "expats_russia": 130000, "expats_midle_east": 300000, "expats_south_asia": 1400000}, "gender": {"male": 98000000, "female": 120000000}, "education_status_grouped": {"college": 83500000, "high_school": 44700000, "grad_school": 10890000}, "education_status_grouped_2": {"incomplete_high_school": 7700000, "high_school": 37000000, "in_college": 17500000, "college": 66000000, "grad_school": 10890000, "UNSPECIFIED": 56000000}}}