{"percent_values_dict": {"education_status": {"high_school": 0.016531301660317688, "UNDERGRAD": 0.05534392294975922, "ALUM": 0.4743764824265076, "HIGH_SCHOOL_GRAD": 0.26593833105728454, "SOME_COLLEGE": 0.07115647236397614, "ASSOCIATE_DEGREE": 0.0, "IN_GRAD_SCHOOL": 0.00718752246100769, "SOME_GRAD_SCHOOL": 0.00718752246100769, "MASTER_DEGREE": 0.05175016171925537, "PROFESSIONAL_DEGREE": 0.006900021562567383, "DOCTORATE_DEGREE": 0.005534392294975922, "UNSPECIFIED": 0.2869881617383283, "SOME_HIGH_SCHOOL": 0.03809386904334076}, "political_alignment": {"conservative": 0.19811320754716982, "liberal": 0.25471698113207547, "moderate": 0.22641509433962265, "very_conservative": 0.14150943396226415, "very_liberal": 0.1792452830188679}, "relationship_status": {"single": 0.18419975440032746, "in_relationship": 0.09721653704461727, "engaged": 0.02353663528448629, "married": 0.2916496111338518, "civil_union": 0.000511665984445354, "domestic_partnership": 0.0011768317642243144, "open_relationship": 0.0010744985673352436, "complicated": 0.005116659844453541, "separated": 0.0035816618911174787, "divorced": 0.0071633237822349575, "widowed": 0.006139991813344249, "unspecified": 0.37863282848956203}, "age_intervals": {"adolescent": 0.023015500234852042, "young_1": 0.15500234852043213, "young_2": 0.2677313292625646, "mid_aged_1": 0.18788163457022075, "mid_aged_2": 0.1503053076561766, "old_1": 0.11742602160638797, "old_2": 0.0986378581493659}, "racial_affinities": {"african_american": 0.10879848628192999, "asian_american": 0.020813623462630087, "hispanic_all": 0.11352885525070956, "other": 0.7568590350047304}, "expat": {"expats": 0.11428571428571428, "expats_mexico": 0.3, "expats_europe": 0.05416666666666667, "expats_africa": 0.0225, "expats_asian": 0.10416666666666667, "expats_latin_america": 0.24166666666666667, "expats_russia": 0.005833333333333334, "expats_midle_east": 0.013333333333333334, "expats_south_asia": 0.0625}, "gender": {"male": 0.4470046082949309, "female": 0.5529953917050692}, "education_status_grouped": {"college": 0.6008768777402429, "high_school": 0.320563501760943, "grad_school": 0.07855962049881406}, "education_status_grouped_2": {"incomplete_high_school": 0.05462517070365845, "high_school": 0.26593833105728454, "in_college": 0.12650039531373536, "college": 0.4743764824265076, "grad_school": 0.07855962049881406, "UNSPECIFIED": 0.2869881617383283}}, "raw_values_dict": {"all": {"all": 210000000}, "education_status": {"high_school": 2300000, "UNDERGRAD": 7700000, "ALUM": 66000000, "HIGH_SCHOOL_GRAD": 37000000, "SOME_COLLEGE": 9900000, "ASSOCIATE_DEGREE": 0, "IN_GRAD_SCHOOL": 1000000, "SOME_GRAD_SCHOOL": 1000000, "MASTER_DEGREE": 7200000, "PROFESSIONAL_DEGREE": 960000, "DOCTORATE_DEGREE": 770000, "UNSPECIFIED": 56000000, "SOME_HIGH_SCHOOL": 5300000}, "political_alignment": {"conservative": 21000000, "liberal": 27000000, "moderate": 24000000, "very_conservative": 15000000, "very_liberal": 19000000}, "relationship_status": {"single": 36000000, "in_relationship": 19000000, "engaged": 4600000, "married": 57000000, "civil_union": 100000, "domestic_partnership": 230000, "open_relationship": 210000, "complicated": 1000000, "separated": 700000, "divorced": 1400000, "widowed": 1200000, "unspecified": 74000000}, "age_intervals": {"adolescent": 4900000, "young_1": 33000000, "young_2": 57000000, "mid_aged_1": 40000000, "mid_aged_2": 32000000, "old_1": 25000000, "old_2": 21000000}, "racial_affinities": {"african_american": 23000000, "asian_american": 4400000, "hispanic_all": 24000000, "other": 160000000}, "expat": {"expats": 24000000, "expats_mexico": 7200000, "expats_europe": 1300000, "expats_africa": 540000, "expats_asian": 2500000, "expats_latin_america": 5800000, "expats_russia": 140000, "expats_midle_east": 320000, "expats_south_asia": 1500000}, "gender": {"male": 97000000, "female": 120000000}, "education_status_grouped": {"college": 83600000, "high_school": 44600000, "grad_school": 10930000}, "education_status_grouped_2": {"incomplete_high_school": 7600000, "high_school": 37000000, "in_college": 17600000, "college": 66000000, "grad_school": 10930000, "UNSPECIFIED": 56000000}}}