{"percent_values_dict": {"education_status": {"high_school": 0.01434308663224326, "UNDERGRAD": 0.05665519219736087, "ALUM": 0.47332185886402756, "HIGH_SCHOOL_GRAD": 0.2653471026965003, "SOME_COLLEGE": 0.07099827882960413, "ASSOCIATE_DEGREE": 0.0, "IN_GRAD_SCHOOL": 0.006741250717154331, "SOME_GRAD_SCHOOL": 0.00717154331612163, "MASTER_DEGREE": 0.05091795754446357, "PROFESSIONAL_DEGREE": 0.006741250717154331, "DOCTORATE_DEGREE": 0.005450372920252439, "UNSPECIFIED": 0.28653295128939826, "SOME_HIGH_SCHOOL": 0.042312105565117615}, "political_alignment": {"conservative": 0.1956521739130435, "liberal": 0.25, "moderate": 0.22826086956521738, "very_conservative": 0.14130434782608695, "very_liberal": 0.18478260869565216}, "relationship_status": {"single": 0.18018945634266886, "in_relationship": 0.0978171334431631, "engaged": 0.022652388797364087, "married": 0.2985996705107084, "civil_union": 0.000514827018121911, "domestic_partnership": 0.0011841021416803953, "open_relationship": 0.0010811367380560131, "complicated": 0.00514827018121911, "separated": 0.0036037891268533772, "divorced": 0.0072075782537067545, "widowed": 0.006177924217462933, "unspecified": 0.37582372322899504}, "age_intervals": {"adolescent": 0.0228310502283105, "young_1": 0.1461187214611872, "young_2": 0.2785388127853881, "mid_aged_1": 0.1917808219178082, "mid_aged_2": 0.1461187214611872, "old_1": 0.1141552511415525, "old_2": 0.1004566210045662}, "racial_affinities": {"african_american": 0.14285714285714285, "asian_american": 0.018433179723502304, "hispanic_all": 0.10138248847926268, "other": 0.7373271889400922}, "expat": {"expats": 0.10454545454545454, "expats_mexico": 0.2956521739130435, "expats_europe": 0.04782608695652174, "expats_africa": 0.021739130434782608, "expats_asian": 0.1, "expats_latin_america": 0.24347826086956523, "expats_russia": 0.0052173913043478265, "expats_midle_east": 0.011739130434782608, "expats_south_asia": 0.05652173913043478}, "gender": {"male": 0.4520547945205479, "female": 0.547945205479452}, "education_status_grouped": {"college": 0.6009753298909926, "high_school": 0.3220022948938612, "grad_school": 0.0770223752151463}, "education_status_grouped_2": {"incomplete_high_school": 0.05665519219736087, "high_school": 0.2653471026965003, "in_college": 0.127653471026965, "college": 0.47332185886402756, "grad_school": 0.0770223752151463, "UNSPECIFIED": 0.28653295128939826}}, "raw_values_dict": {"all": {"all": 220000000}, "education_status": {"high_school": 2000000, "UNDERGRAD": 7900000, "ALUM": 66000000, "HIGH_SCHOOL_GRAD": 37000000, "SOME_COLLEGE": 9900000, "ASSOCIATE_DEGREE": 0, "IN_GRAD_SCHOOL": 940000, "SOME_GRAD_SCHOOL": 1000000, "MASTER_DEGREE": 7100000, "PROFESSIONAL_DEGREE": 940000, "DOCTORATE_DEGREE": 760000, "UNSPECIFIED": 56000000, "SOME_HIGH_SCHOOL": 5900000}, "political_alignment": {"conservative": 18000000, "liberal": 23000000, "moderate": 21000000, "very_conservative": 13000000, "very_liberal": 17000000}, "relationship_status": {"single": 35000000, "in_relationship": 19000000, "engaged": 4400000, "married": 58000000, "civil_union": 100000, "domestic_partnership": 230000, "open_relationship": 210000, "complicated": 1000000, "separated": 700000, "divorced": 1400000, "widowed": 1200000, "unspecified": 73000000}, "age_intervals": {"adolescent": 5000000, "young_1": 32000000, "young_2": 61000000, "mid_aged_1": 42000000, "mid_aged_2": 32000000, "old_1": 25000000, "old_2": 22000000}, "racial_affinities": {"african_american": 31000000, "asian_american": 4000000, "hispanic_all": 22000000, "other": 160000000}, "expat": {"expats": 23000000, "expats_mexico": 6800000, "expats_europe": 1100000, "expats_africa": 500000, "expats_asian": 2300000, "expats_latin_america": 5600000, "expats_russia": 120000, "expats_midle_east": 270000, "expats_south_asia": 1300000}, "gender": {"male": 99000000, "female": 120000000}, "education_status_grouped": {"college": 83800000, "high_school": 44900000, "grad_school": 10740000}, "education_status_grouped_2": {"incomplete_high_school": 7900000, "high_school": 37000000, "in_college": 17800000, "college": 66000000, "grad_school": 10740000, "UNSPECIFIED": 56000000}}}