{"percent_values_dict": {"education_status": {"high_school": 0.015099223468507334, "UNDERGRAD": 0.0546448087431694, "ALUM": 0.4745470232959448, "HIGH_SCHOOL_GRAD": 0.2660339373022721, "SOME_COLLEGE": 0.07118205349439172, "ASSOCIATE_DEGREE": 0.0, "IN_GRAD_SCHOOL": 0.006830601092896175, "SOME_GRAD_SCHOOL": 0.007190106413574921, "MASTER_DEGREE": 0.05176876617773943, "PROFESSIONAL_DEGREE": 0.006902502157031924, "DOCTORATE_DEGREE": 0.005536381938452689, "UNSPECIFIED": 0.28706171826942795, "SOME_HIGH_SCHOOL": 0.04026459591601956}, "political_alignment": {"conservative": 0.2, "liberal": 0.25, "moderate": 0.23, "very_conservative": 0.14, "very_liberal": 0.18}, "relationship_status": {"single": 0.18428461735346813, "in_relationship": 0.09726132582544152, "engaged": 0.023035577169183516, "married": 0.29178397747632456, "civil_union": 0.0005119017148707448, "domestic_partnership": 0.001177373944202713, "open_relationship": 0.0010749936012285641, "complicated": 0.005119017148707448, "separated": 0.0036345021755822883, "divorced": 0.007166624008190427, "widowed": 0.006142820578448937, "unspecified": 0.3788072690043512}, "age_intervals": {"adolescent": 0.022935779816513763, "young_1": 0.15137614678899083, "young_2": 0.27522935779816515, "mid_aged_1": 0.18807339449541285, "mid_aged_2": 0.14678899082568808, "old_1": 0.11467889908256881, "old_2": 0.10091743119266056}, "racial_affinities": {"african_american": 0.08658008658008658, "asian_american": 0.017316017316017316, "hispanic_all": 0.29004329004329005, "other": 0.6060606060606061}, "expat": {"expats": 0.11428571428571428, "expats_mexico": 0.2916666666666667, "expats_europe": 0.05, "expats_africa": 0.022083333333333333, "expats_asian": 0.1, "expats_latin_america": 0.24166666666666667, "expats_russia": 0.005416666666666667, "expats_midle_east": 0.0125, "expats_south_asia": 0.058333333333333334}, "gender": {"male": 0.44954128440366975, "female": 0.5504587155963303}, "education_status_grouped": {"college": 0.6003738855335059, "high_school": 0.321397756686799, "grad_school": 0.07822835777969514}, "education_status_grouped_2": {"incomplete_high_school": 0.05536381938452689, "high_school": 0.2660339373022721, "in_college": 0.12582686223756112, "college": 0.4745470232959448, "grad_school": 0.07822835777969514, "UNSPECIFIED": 0.28706171826942795}}, "raw_values_dict": {"all": {"all": 210000000}, "education_status": {"high_school": 2100000, "UNDERGRAD": 7600000, "ALUM": 66000000, "HIGH_SCHOOL_GRAD": 37000000, "SOME_COLLEGE": 9900000, "ASSOCIATE_DEGREE": 0, "IN_GRAD_SCHOOL": 950000, "SOME_GRAD_SCHOOL": 1000000, "MASTER_DEGREE": 7200000, "PROFESSIONAL_DEGREE": 960000, "DOCTORATE_DEGREE": 770000, "UNSPECIFIED": 56000000, "SOME_HIGH_SCHOOL": 5600000}, "political_alignment": {"conservative": 20000000, "liberal": 25000000, "moderate": 23000000, "very_conservative": 14000000, "very_liberal": 18000000}, "relationship_status": {"single": 36000000, "in_relationship": 19000000, "engaged": 4500000, "married": 57000000, "civil_union": 100000, "domestic_partnership": 230000, "open_relationship": 210000, "complicated": 1000000, "separated": 710000, "divorced": 1400000, "widowed": 1200000, "unspecified": 74000000}, "age_intervals": {"adolescent": 5000000, "young_1": 33000000, "young_2": 60000000, "mid_aged_1": 41000000, "mid_aged_2": 32000000, "old_1": 25000000, "old_2": 22000000}, "racial_affinities": {"african_american": 20000000, "asian_american": 4000000, "hispanic_all": 67000000, "other": 140000000}, "expat": {"expats": 24000000, "expats_mexico": 7000000, "expats_europe": 1200000, "expats_africa": 530000, "expats_asian": 2400000, "expats_latin_america": 5800000, "expats_russia": 130000, "expats_midle_east": 300000, "expats_south_asia": 1400000}, "gender": {"male": 98000000, "female": 120000000}, "education_status_grouped": {"college": 83500000, "high_school": 44700000, "grad_school": 10880000}, "education_status_grouped_2": {"incomplete_high_school": 7700000, "high_school": 37000000, "in_college": 17500000, "college": 66000000, "grad_school": 10880000, "UNSPECIFIED": 56000000}}}