{"percent_values_dict": {"education_status": {"UNDERGRAD": 0.056347364932051704, "IN_GRAD_SCHOOL": 0.007954922108054359, "DOCTORATE_DEGREE": 0.005634736493205171, "SOME_GRAD_SCHOOL": 0.006629101756711966, "PROFESSIONAL_DEGREE": 0.007292011932383162, "UNSPECIFIED": 0.3350231430460657, "MASTER_DEGREE": 0.05170699370235333, "ALUM": 0.4772953264832615, "SOME_HIGH_SCHOOL": 0.031819688432217434, "SOME_COLLEGE": 0.06430228704010607, "ASSOCIATE_DEGREE": 0.0, "HIGH_SCHOOL_GRAD": 0.2717931720251906, "high_school": 0.0192243950944647}, "political_alignment": {"very_conservative": 0.13432835820895522, "very_liberal": 0.18407960199004975, "moderate": 0.23383084577114427, "liberal": 0.24875621890547264, "conservative": 0.19900497512437812}, "relationship_status": {"separated": 0.0034815565642765853, "widowed": 0.005288440350799876, "open_relationship": 0.001101758406416641, "domestic_partnership": 0.0011458287426733065, "engaged": 0.020272354678066193, "single": 0.171874311400996, "complicated": 0.005288440350799876, "civil_union": 0.00048477369882332205, "in_relationship": 0.08814067251333128, "divorced": 0.006610550438499846, "married": 0.26442201753999384, "unspecified": 0.4318892953153233}, "income_level": {"40k_to_50k": 0.16678828312311061, "150k_to_250k": 0.11466694464713854, "30k_to_40k": 0.010007296987386637, "100k_to_125k": 0.09903054310434692, "250k_to_350k": 0.02501824246846659, "over_500k": 0.00010424267695194412, "75k_to_100k": 0.19806108620869384, "350k_to_500k": 0.001667882831231106, "50k_to_75k": 0.35442510163661, "125k_to_150k": 0.030230376316063796}, "age_intervals": {"young_2": 0.2689284236657013, "mid_aged_1": 0.18204385601985934, "mid_aged_2": 0.1448076127430699, "adolescent": 0.023582954075299957, "old_2": 0.1034340091021928, "old_1": 0.11584609019445594, "young_1": 0.16135705419942076}, "age_details": {"65_and_above": 0.10126377187297472, "15to19": 0.056707712248865845, "60to64": 0.052657161373946854, "55to60": 0.0729099157485418, "50to54": 0.06885936487362282, "45to49": 0.07696046662346079, "13to14": 0.0035644847699287103, "30to34": 0.11341542449773169, "25to29": 0.1498703823720026, "40to44": 0.08101101749837979, "20to24": 0.12151652624756967, "35to39": 0.10126377187297472}, "racial_affinities": {"other": 0.6506710044733631, "hispanic_all": 0.16266775111834078, "asian_american": 0.032126880845872306, "african_american": 0.15453436356242375}, "expat_grouped": {"expats_mexico": 0, "expats_central_america": 0, "expats_south_america": 0, "expats_europe": 0, "expats_midle_east": 0, "expats_caribbean": 0, "expats_south_and_east_asia": 0, "expats_africa": 0}, "expat": {"expats_czech_republic": 0, "expats_zimbabwe": 0, "expats_venezuela": 0, "expats_slovakia": 0, "expats_morocco": 0, "expats_qatar": 0, "expats_peru": 0, "expats_finland": 0, "expats_greece": 0, "expats_new_zealand": 0, "expats_lebanon": 0, "expats_sri_lanka": 0, "expats_argentina": 0, "expats_united_states": 0, "expats_japan": 0, "expats_india": 0, "expats_el_salvador": 0, "expats_luxembourg": 0, "expats_uganda": 0, "expats_uae": 0, "expats_israel": 0, "expats_china": 0, "expats_netherlands": 0, "expats_zambia": 0, "expats_indonesia": 0, "expats_canada": 0, "expats_poland": 0, "expats_algeria": 0, "expats_cyprus": 0, "expats_rwanda": 0, "expats_denmark": 0, "expats_mexico": 0, "expats_germany": 0, "expats_malta": 0, "expats_monaco": 0, "expats_nepal": 0, "expats_cameroon": 0, "expats_south_africa": 0, "expats_jamaica": 0, "expats_france": 0, "expats_hong_kong": 0, "expats_russia": 0, "expats_norway": 0, "expats_honduras": 0, "expats_italy": 0, "expats_south_korea": 0, "expats_estonia": 0, "expats_belgium": 0, "expats_chile": 0, "expats_senegal": 0, "expats_slovenia": 0, "expats_tanzania": 0, "expats_jordan": 0, "expats_portugal": 0, "expats_serbia": 0, "expats_cuba": 0, "expats_romania": 0, "expats_nigeria": 0, "expats_malaysia": 0, "expats_spain": 0, "expats_vietnam": 0, "expats_ethiopia": 0, "expats_brazil": 0, "expats_colombia": 0, "expats_puerto_rico": 0, "expats_bangladesh": 0, "expats_thailand": 0, "expats_ivory_coast": 0, "expats_sierra_leone": 0, "expats_philippines": 0, "expats_hungary": 0, "expats_congo_drc": 0, "expats_guatemala": 0, "expats_nicaragua": 0, "expats_singapore": 0, "expats_latvia": 0, "expats_ghana": 0, "expats_australia": 0, "expats_lithuania": 0, "expats_kuwait": 0, "expats_ksa": 0, "expats_kenya": 0, "expats_united_kingdom": 0, "expats_dominican_republic": 0, "expats_haiti": 0, "expats_austria": 0, "expats_switzerland": 0, "expats_ireland": 0, "expats_sweden": 0}, "gender": {"male": 0.4583333333333333, "female": 0.5416666666666666}, "education_status_grouped": {"college": 0.5979449784554193, "high_school": 0.3228372555518727, "grad_school": 0.079217765992708}, "education_status_grouped_2": {"incomplete_high_school": 0.05104408352668213, "high_school": 0.2717931720251906, "in_college": 0.12064965197215777, "college": 0.4772953264832615, "grad_school": 0.079217765992708, "UNSPECIFIED": 0.3350231430460657}}, "raw_values_dict": {"all": {"all": 240000000}, "education_status": {"UNDERGRAD": 8500000, "IN_GRAD_SCHOOL": 1200000, "DOCTORATE_DEGREE": 850000, "SOME_GRAD_SCHOOL": 1000000, "PROFESSIONAL_DEGREE": 1100000, "UNSPECIFIED": 76000000, "MASTER_DEGREE": 7800000, "ALUM": 72000000, "SOME_HIGH_SCHOOL": 4800000, "SOME_COLLEGE": 9700000, "ASSOCIATE_DEGREE": 0, "HIGH_SCHOOL_GRAD": 41000000, "high_school": 2900000}, "political_alignment": {"very_conservative": 27000000, "very_liberal": 37000000, "moderate": 47000000, "liberal": 50000000, "conservative": 40000000}, "relationship_status": {"separated": 790000, "widowed": 1200000, "open_relationship": 250000, "domestic_partnership": 260000, "engaged": 4600000, "single": 39000000, "complicated": 1200000, "civil_union": 110000, "in_relationship": 20000000, "divorced": 1500000, "married": 60000000, "unspecified": 98000000}, "income_level": {"40k_to_50k": 16000000, "150k_to_250k": 11000000, "30k_to_40k": 960000, "100k_to_125k": 9500000, "250k_to_350k": 2400000, "over_500k": 10000, "75k_to_100k": 19000000, "350k_to_500k": 160000, "50k_to_75k": 34000000, "125k_to_150k": 2900000}, "age_intervals": {"young_2": 65000000, "mid_aged_1": 44000000, "mid_aged_2": 35000000, "adolescent": 5700000, "old_2": 25000000, "old_1": 28000000, "young_1": 39000000}, "age_details": {"65_and_above": 25000000, "15to19": 14000000, "60to64": 13000000, "55to60": 18000000, "50to54": 17000000, "45to49": 19000000, "13to14": 880000, "30to34": 28000000, "25to29": 37000000, "40to44": 20000000, "20to24": 30000000, "35to39": 25000000}, "racial_affinities": {"other": 160000000, "hispanic_all": 40000000, "asian_american": 7900000, "african_american": 38000000}, "expat_grouped": {"expats_mexico": 10000000, "expats_central_america": 3900000, "expats_south_america": 2600000, "expats_europe": 3200000, "expats_midle_east": 520000, "expats_caribbean": 2900000, "expats_south_and_east_asia": 7100000, "expats_africa": 1300000}, "expat": {"expats_czech_republic": 30000, "expats_zimbabwe": 23000, "expats_venezuela": 460000, "expats_slovakia": 18000, "expats_morocco": 60000, "expats_qatar": 4200, "expats_peru": 440000, "expats_finland": 16000, "expats_greece": 0, "expats_new_zealand": 42000, "expats_lebanon": 110000, "expats_sri_lanka": 40000, "expats_argentina": 190000, "expats_united_states": 91000, "expats_japan": 240000, "expats_india": 1900000, "expats_el_salvador": 1400000, "expats_luxembourg": 1700, "expats_uganda": 34000, "expats_uae": 2800, "expats_israel": 140000, "expats_china": 790000, "expats_netherlands": 49000, "expats_zambia": 14000, "expats_indonesia": 150000, "expats_canada": 640000, "expats_poland": 220000, "expats_algeria": 34000, "expats_cyprus": 6900, "expats_rwanda": 19000, "expats_denmark": 25000, "expats_mexico": 10000000, "expats_germany": 310000, "expats_malta": 2900, "expats_monaco": 1400, "expats_nepal": 160000, "expats_cameroon": 64000, "expats_south_africa": 120000, "expats_jamaica": 540000, "expats_france": 140000,