{"percent_values_dict": {"education_status": {"high_school": 0.015087290753646095, "UNDERGRAD": 0.05532006609670235, "ALUM": 0.47417199511459157, "HIGH_SCHOOL_GRAD": 0.2658236942309074, "SOME_COLLEGE": 0.07112579926718873, "ASSOCIATE_DEGREE": 0.0, "IN_GRAD_SCHOOL": 0.0068970472016667865, "SOME_GRAD_SCHOOL": 0.007184424168402903, "MASTER_DEGREE": 0.0517278540125009, "PROFESSIONAL_DEGREE": 0.0068970472016667865, "DOCTORATE_DEGREE": 0.005532006609670235, "UNSPECIFIED": 0.28689994364465393, "SOME_HIGH_SCHOOL": 0.040232775343056255}, "political_alignment": {"conservative": 0.19801980198019803, "liberal": 0.25742574257425743, "moderate": 0.22772277227722773, "very_conservative": 0.13861386138613863, "very_liberal": 0.1782178217821782}, "relationship_status": {"single": 0.18428461735346813, "in_relationship": 0.09726132582544152, "engaged": 0.023035577169183516, "married": 0.29178397747632456, "civil_union": 0.0005119017148707448, "domestic_partnership": 0.001177373944202713, "open_relationship": 0.0010749936012285641, "complicated": 0.005119017148707448, "separated": 0.0036345021755822883, "divorced": 0.007166624008190427, "widowed": 0.006142820578448937, "unspecified": 0.3788072690043512}, "age_intervals": {"adolescent": 0.022487379531895366, "young_1": 0.15144561725562183, "young_2": 0.27535566773749426, "mid_aged_1": 0.18815970628728776, "mid_aged_2": 0.14685635612666362, "old_1": 0.11473152822395594, "old_2": 0.10096374483708123}, "racial_affinities": {"african_american": 0.08796296296296297, "asian_american": 0.018518518518518517, "hispanic_all": 0.10648148148148148, "other": 0.7870370370370371}, "expat": {"expats": 0.10909090909090909, "expats_mexico": 0.29583333333333334, "expats_europe": 0.05, "expats_africa": 0.022083333333333333, "expats_asian": 0.1, "expats_latin_america": 0.24583333333333332, "expats_russia": 0.005416666666666667, "expats_midle_east": 0.0125, "expats_south_asia": 0.058333333333333334}, "gender": {"male": 0.44954128440366975, "female": 0.5504587155963303}, "education_status_grouped": {"college": 0.6006178604784826, "high_school": 0.3211437603276097, "grad_school": 0.07823837919390761}, "education_status_grouped_2": {"incomplete_high_school": 0.05532006609670235, "high_school": 0.2658236942309074, "in_college": 0.12644586536389107, "college": 0.47417199511459157, "grad_school": 0.07823837919390761, "UNSPECIFIED": 0.28689994364465393}}, "raw_values_dict": {"all": {"all": 220000000}, "education_status": {"high_school": 2100000, "UNDERGRAD": 7700000, "ALUM": 66000000, "HIGH_SCHOOL_GRAD": 37000000, "SOME_COLLEGE": 9900000, "ASSOCIATE_DEGREE": 0, "IN_GRAD_SCHOOL": 960000, "SOME_GRAD_SCHOOL": 1000000, "MASTER_DEGREE": 7200000, "PROFESSIONAL_DEGREE": 960000, "DOCTORATE_DEGREE": 770000, "UNSPECIFIED": 56000000, "SOME_HIGH_SCHOOL": 5600000}, "political_alignment": {"conservative": 20000000, "liberal": 26000000, "moderate": 23000000, "very_conservative": 14000000, "very_liberal": 18000000}, "relationship_status": {"single": 36000000, "in_relationship": 19000000, "engaged": 4500000, "married": 57000000, "civil_union": 100000, "domestic_partnership": 230000, "open_relationship": 210000, "complicated": 1000000, "separated": 710000, "divorced": 1400000, "widowed": 1200000, "unspecified": 74000000}, "age_intervals": {"adolescent": 4900000, "young_1": 33000000, "young_2": 60000000, "mid_aged_1": 41000000, "mid_aged_2": 32000000, "old_1": 25000000, "old_2": 22000000}, "racial_affinities": {"african_american": 19000000, "asian_american": 4000000, "hispanic_all": 23000000, "other": 170000000}, "expat": {"expats": 24000000, "expats_mexico": 7100000, "expats_europe": 1200000, "expats_africa": 530000, "expats_asian": 2400000, "expats_latin_america": 5900000, "expats_russia": 130000, "expats_midle_east": 300000, "expats_south_asia": 1400000}, "gender": {"male": 98000000, "female": 120000000}, "education_status_grouped": {"college": 83600000, "high_school": 44700000, "grad_school": 10890000}, "education_status_grouped_2": {"incomplete_high_school": 7700000, "high_school": 37000000, "in_college": 17600000, "college": 66000000, "grad_school": 10890000, "UNSPECIFIED": 56000000}}}