{"percent_values_dict": {"education_status": {"high_school": 0.015815959741193385, "UNDERGRAD": 0.054636951833213515, "ALUM": 0.4744787922358016, "HIGH_SCHOOL_GRAD": 0.26599568655643424, "SOME_COLLEGE": 0.07117181883537024, "ASSOCIATE_DEGREE": 0.0, "IN_GRAD_SCHOOL": 0.006973400431344356, "SOME_GRAD_SCHOOL": 0.007189072609633357, "MASTER_DEGREE": 0.05176132278936017, "PROFESSIONAL_DEGREE": 0.006901509705248023, "DOCTORATE_DEGREE": 0.005535585909417685, "UNSPECIFIED": 0.2870322911327524, "SOME_HIGH_SCHOOL": 0.039539899352983465}, "political_alignment": {"conservative": 0.20192307692307693, "liberal": 0.25, "moderate": 0.23076923076923078, "very_conservative": 0.1346153846153846, "very_liberal": 0.18269230769230768}, "relationship_status": {"single": 0.18419975440032746, "in_relationship": 0.09721653704461727, "engaged": 0.02353663528448629, "married": 0.2916496111338518, "civil_union": 0.000511665984445354, "domestic_partnership": 0.0011768317642243144, "open_relationship": 0.0010744985673352436, "complicated": 0.005116659844453541, "separated": 0.0035816618911174787, "divorced": 0.0071633237822349575, "widowed": 0.006139991813344249, "unspecified": 0.37863282848956203}, "age_intervals": {"adolescent": 0.02269569245020843, "young_1": 0.15284854099119963, "young_2": 0.2686428902269569, "mid_aged_1": 0.18990273274664196, "mid_aged_2": 0.14821676702176934, "old_1": 0.1157943492357573, "old_2": 0.10189902732746642}, "racial_affinities": {"african_american": 0.10388437217705511, "asian_american": 0.01987353206865402, "hispanic_all": 0.10840108401084012, "other": 0.7678410117434508}, "expat": {"expats": 0.10909090909090909, "expats_mexico": 0.29583333333333334, "expats_europe": 0.05416666666666667, "expats_africa": 0.0225, "expats_asian": 0.10416666666666667, "expats_latin_america": 0.24166666666666667, "expats_russia": 0.005833333333333334, "expats_midle_east": 0.012916666666666667, "expats_south_asia": 0.058333333333333334}, "gender": {"male": 0.44954128440366975, "female": 0.5504587155963303}, "education_status_grouped": {"college": 0.6002875629043853, "high_school": 0.3213515456506111, "grad_school": 0.07836089144500359}, "education_status_grouped_2": {"incomplete_high_school": 0.055355859094176854, "high_school": 0.26599568655643424, "in_college": 0.12580877066858376, "college": 0.4744787922358016, "grad_school": 0.07836089144500359, "UNSPECIFIED": 0.2870322911327524}}, "raw_values_dict": {"all": {"all": 220000000}, "education_status": {"high_school": 2200000, "UNDERGRAD": 7600000, "ALUM": 66000000, "HIGH_SCHOOL_GRAD": 37000000, "SOME_COLLEGE": 9900000, "ASSOCIATE_DEGREE": 0, "IN_GRAD_SCHOOL": 970000, "SOME_GRAD_SCHOOL": 1000000, "MASTER_DEGREE": 7200000, "PROFESSIONAL_DEGREE": 960000, "DOCTORATE_DEGREE": 770000, "UNSPECIFIED": 56000000, "SOME_HIGH_SCHOOL": 5500000}, "political_alignment": {"conservative": 21000000, "liberal": 26000000, "moderate": 24000000, "very_conservative": 14000000, "very_liberal": 19000000}, "relationship_status": {"single": 36000000, "in_relationship": 19000000, "engaged": 4600000, "married": 57000000, "civil_union": 100000, "domestic_partnership": 230000, "open_relationship": 210000, "complicated": 1000000, "separated": 700000, "divorced": 1400000, "widowed": 1200000, "unspecified": 74000000}, "age_intervals": {"adolescent": 4900000, "young_1": 33000000, "young_2": 58000000, "mid_aged_1": 41000000, "mid_aged_2": 32000000, "old_1": 25000000, "old_2": 22000000}, "racial_affinities": {"african_american": 23000000, "asian_american": 4400000, "hispanic_all": 24000000, "other": 170000000}, "expat": {"expats": 24000000, "expats_mexico": 7100000, "expats_europe": 1300000, "expats_africa": 540000, "expats_asian": 2500000, "expats_latin_america": 5800000, "expats_russia": 140000, "expats_midle_east": 310000, "expats_south_asia": 1400000}, "gender": {"male": 98000000, "female": 120000000}, "education_status_grouped": {"college": 83500000, "high_school": 44700000, "grad_school": 10900000}, "education_status_grouped_2": {"incomplete_high_school": 7700000, "high_school": 37000000, "in_college": 17500000, "college": 66000000, "grad_school": 10900000, "UNSPECIFIED": 56000000}}}