{"percent_values_dict": {"education_status": {"high_school": 0.013736263736263736, "UNDERGRAD": 0.057113938692886064, "ALUM": 0.4699248120300752, "HIGH_SCHOOL_GRAD": 0.2674956622325043, "SOME_COLLEGE": 0.07157316367842684, "ASSOCIATE_DEGREE": 0.0, "IN_GRAD_SCHOOL": 0.00672353961827646, "SOME_GRAD_SCHOOL": 0.007229612492770388, "MASTER_DEGREE": 0.05133024869866975, "PROFESSIONAL_DEGREE": 0.006795835743204164, "DOCTORATE_DEGREE": 0.005422209369577791, "UNSPECIFIED": 0.2881844380403458, "SOME_HIGH_SCHOOL": 0.04265471370734528}, "political_alignment": {"conservative": 0.2, "liberal": 0.25555555555555554, "moderate": 0.23333333333333334, "very_conservative": 0.13333333333333333, "very_liberal": 0.17777777777777778}, "relationship_status": {"single": 0.18113316910592667, "in_relationship": 0.09832943465750306, "engaged": 0.022771026973316497, "married": 0.29498830397250914, "civil_union": 0.0005071728734965947, "domestic_partnership": 0.0011903036826960895, "open_relationship": 0.00108679901463556, "complicated": 0.005175233403026476, "separated": 0.0035709110480882686, "divorced": 0.007245326764237067, "widowed": 0.006210280083631772, "unspecified": 0.3777920384209328}, "age_intervals": {"adolescent": 0.022591055786076533, "young_1": 0.1475334255417243, "young_2": 0.2766251728907331, "mid_aged_1": 0.18902720147533425, "mid_aged_2": 0.1475334255417243, "old_1": 0.11526048870447211, "old_2": 0.10142923005993545}, "racial_affinities": {"african_american": 0.13901760889712697, "asian_american": 0.017608897126969416, "hispanic_all": 0.10194624652455977, "other": 0.7414272474513438}, "expat": {"expats": 0.1, "expats_mexico": 0.3, "expats_europe": 0.045454545454545456, "expats_africa": 0.02181818181818182, "expats_asian": 0.1, "expats_latin_america": 0.25, "expats_russia": 0.005, "expats_midle_east": 0.011363636363636364, "expats_south_asia": 0.05909090909090909}, "gender": {"male": 0.44954128440366975, "female": 0.5504587155963303}, "education_status_grouped": {"college": 0.5986119144013881, "high_school": 0.32388663967611336, "grad_school": 0.07750144592249855}, "education_status_grouped_2": {"incomplete_high_school": 0.05639097744360902, "high_school": 0.2674956622325043, "in_college": 0.1286871023713129, "college": 0.4699248120300752, "grad_school": 0.07750144592249855, "UNSPECIFIED": 0.2881844380403458}}, "raw_values_dict": {"all": {"all": 220000000}, "education_status": {"high_school": 1900000, "UNDERGRAD": 7900000, "ALUM": 65000000, "HIGH_SCHOOL_GRAD": 37000000, "SOME_COLLEGE": 9900000, "ASSOCIATE_DEGREE": 0, "IN_GRAD_SCHOOL": 930000, "SOME_GRAD_SCHOOL": 1000000, "MASTER_DEGREE": 7100000, "PROFESSIONAL_DEGREE": 940000, "DOCTORATE_DEGREE": 750000, "UNSPECIFIED": 56000000, "SOME_HIGH_SCHOOL": 5900000}, "political_alignment": {"conservative": 18000000, "liberal": 23000000, "moderate": 21000000, "very_conservative": 12000000, "very_liberal": 16000000}, "relationship_status": {"single": 35000000, "in_relationship": 19000000, "engaged": 4400000, "married": 57000000, "civil_union": 98000, "domestic_partnership": 230000, "open_relationship": 210000, "complicated": 1000000, "separated": 690000, "divorced": 1400000, "widowed": 1200000, "unspecified": 73000000}, "age_intervals": {"adolescent": 4900000, "young_1": 32000000, "young_2": 60000000, "mid_aged_1": 41000000, "mid_aged_2": 32000000, "old_1": 25000000, "old_2": 22000000}, "racial_affinities": {"african_american": 30000000, "asian_american": 3800000, "hispanic_all": 22000000, "other": 160000000}, "expat": {"expats": 22000000, "expats_mexico": 6600000, "expats_europe": 1000000, "expats_africa": 480000, "expats_asian": 2200000, "expats_latin_america": 5500000, "expats_russia": 110000, "expats_midle_east": 250000, "expats_south_asia": 1300000}, "gender": {"male": 98000000, "female": 120000000}, "education_status_grouped": {"college": 82800000, "high_school": 44800000, "grad_school": 10720000}, "education_status_grouped_2": {"incomplete_high_school": 7800000, "high_school": 37000000, "in_college": 17800000, "college": 65000000, "grad_school": 10720000, "UNSPECIFIED": 56000000}}}