{"percent_values_dict": {"education_status": {"high_school": 0.016520614854187616, "UNDERGRAD": 0.05530814538141072, "ALUM": 0.474069817554949, "HIGH_SCHOOL_GRAD": 0.2657664128717138, "SOME_COLLEGE": 0.07111047263324236, "ASSOCIATE_DEGREE": 0.0, "IN_GRAD_SCHOOL": 0.007111047263324235, "SOME_GRAD_SCHOOL": 0.007182876023559833, "MASTER_DEGREE": 0.0517167073696308, "PROFESSIONAL_DEGREE": 0.00689556098261744, "DOCTORATE_DEGREE": 0.005530814538141072, "UNSPECIFIED": 0.28318401812377714, "SOME_HIGH_SCHOOL": 0.0387875305272231}, "political_alignment": {"conservative": 0.2, "liberal": 0.2571428571428571, "moderate": 0.22857142857142856, "very_conservative": 0.13333333333333333, "very_liberal": 0.18095238095238095}, "relationship_status": {"single": 0.18514708907632174, "in_relationship": 0.09771651923472537, "engaged": 0.023657683604196667, "married": 0.2931495577041761, "civil_union": 0.0005142974696564493, "domestic_partnership": 0.0011828841802098333, "open_relationship": 0.0010800246862785435, "complicated": 0.0051429746965644925, "separated": 0.003600082287595145, "divorced": 0.00720016457519029, "widowed": 0.0061715696358773916, "unspecified": 0.375437152849208}, "age_intervals": {"adolescent": 0.023255813953488372, "young_1": 0.15813953488372093, "young_2": 0.2651162790697674, "mid_aged_1": 0.19069767441860466, "mid_aged_2": 0.14883720930232558, "old_1": 0.11627906976744186, "old_2": 0.09767441860465116}, "racial_affinities": {"african_american": 0.10879848628192999, "asian_american": 0.020813623462630087, "hispanic_all": 0.11352885525070956, "other": 0.7568590350047304}, "expat": {"expats": 0.11428571428571428, "expats_mexico": 0.3, "expats_europe": 0.05416666666666667, "expats_africa": 0.0225, "expats_asian": 0.10416666666666667, "expats_latin_america": 0.24166666666666667, "expats_russia": 0.005833333333333334, "expats_midle_east": 0.012916666666666667, "expats_south_asia": 0.058333333333333334}, "gender": {"male": 0.44954128440366975, "female": 0.5504587155963303}, "education_status_grouped": {"college": 0.6004884355696021, "high_school": 0.32107455825312453, "grad_school": 0.07843700617727338}, "education_status_grouped_2": {"incomplete_high_school": 0.05530814538141072, "high_school": 0.2657664128717138, "in_college": 0.12641861801465307, "college": 0.474069817554949, "grad_school": 0.07843700617727338, "UNSPECIFIED": 0.28318401812377714}}, "raw_values_dict": {"all": {"all": 210000000}, "education_status": {"high_school": 2300000, "UNDERGRAD": 7700000, "ALUM": 66000000, "HIGH_SCHOOL_GRAD": 37000000, "SOME_COLLEGE": 9900000, "ASSOCIATE_DEGREE": 0, "IN_GRAD_SCHOOL": 990000, "SOME_GRAD_SCHOOL": 1000000, "MASTER_DEGREE": 7200000, "PROFESSIONAL_DEGREE": 960000, "DOCTORATE_DEGREE": 770000, "UNSPECIFIED": 55000000, "SOME_HIGH_SCHOOL": 5400000}, "political_alignment": {"conservative": 21000000, "liberal": 27000000, "moderate": 24000000, "very_conservative": 14000000, "very_liberal": 19000000}, "relationship_status": {"single": 36000000, "in_relationship": 19000000, "engaged": 4600000, "married": 57000000, "civil_union": 100000, "domestic_partnership": 230000, "open_relationship": 210000, "complicated": 1000000, "separated": 700000, "divorced": 1400000, "widowed": 1200000, "unspecified": 73000000}, "age_intervals": {"adolescent": 5000000, "young_1": 34000000, "young_2": 57000000, "mid_aged_1": 41000000, "mid_aged_2": 32000000, "old_1": 25000000, "old_2": 21000000}, "racial_affinities": {"african_american": 23000000, "asian_american": 4400000, "hispanic_all": 24000000, "other": 160000000}, "expat": {"expats": 24000000, "expats_mexico": 7200000, "expats_europe": 1300000, "expats_africa": 540000, "expats_asian": 2500000, "expats_latin_america": 5800000, "expats_russia": 140000, "expats_midle_east": 310000, "expats_south_asia": 1400000}, "gender": {"male": 98000000, "female": 120000000}, "education_status_grouped": {"college": 83600000, "high_school": 44700000, "grad_school": 10920000}, "education_status_grouped_2": {"incomplete_high_school": 7700000, "high_school": 37000000, "in_college": 17600000, "college": 66000000, "grad_school": 10920000, "UNSPECIFIED": 55000000}}}